NO,개설대학,개설학과,개설전공,"교양영역구분",학정번호,과목명,외국인전용,원격100%,원격50%,사전녹화100%,재직자전형,집중이수제,외국어강의,외국어강의비율(%),신입생 및 1학년 분반,이수구분,인증/연계,주야,학점,시수,담당교수,요일1-일,요일1-시간,요일1-강의실,요일2-일,요일2-시간,요일2-강의실,요일3-일,요일3-시간,요일3-강의실,"비고(1학년은 신입생 및 1학년 분반 정보 참고하여 수강)"
1 ,공통,공통,공통,과학과기술,0000-1-0019-01,C프로그래밍,,,,,,,영어,100 ,,교선,,주,3 ,3 ,이롤랜드,월,1 ,연204,수,2 ,연204,,,,
2 ,공통,공통,공통,과학과기술,0000-1-0019-02,C프로그래밍,,,,,,,,,,교선,,주,3 ,3 ,신은영,월,6 ,비502,수,5 ,비502,,,,
3 ,공통,공통,공통,과학과기술,0000-1-0019-03,C프로그래밍,,,,,,,,0 ,,교선,,주,3 ,3 ,박세영,화,5 ,연201,목,6 ,연201,,,,
4 ,공통,공통,공통,과학과기술,0000-1-0019-04,C프로그래밍,,,,,,,,0 ,,교선,,주,3 ,3 ,이도환,화,1 ,비502,목,2 ,비502,,,,
5 ,공통,공통,공통,과학과기술,0000-1-0019-05,C프로그래밍,,,,,,,,0 ,,교선,,주,3 ,3 ,김수영,금,"1,2",비501,,,,,,,
6 ,공통,공통,공통,과학과기술,0000-1-0019-06,C프로그래밍,,,,,,,,0 ,,교선,,주,3 ,3 ,노현아,금,"5,6",비513,,,,,,,
7 ,공통,공통,공통,수리와자연(수학),0000-1-0109-01,경영통계,,,,,,,,0 ,"B1,B2,B3,B4",교선,,주,3 ,3 ,박정수,월,"1,2",누405,,,,,,,
8 ,공통,공통,공통,수리와자연(수학),0000-1-0109-02,경영통계,,,,,,,,0 ,"B1,B2,B3,B4",교선,,주,3 ,3 ,정예숙,수,"1,2",누405,,,,,,,
9 ,공통,공통,공통,인간과철학,0000-1-0221-01,과학철학의이해,,,,,,,,0 ,,교선,,주,3 ,3 ,우호용,금,"3,4",비405,,,,,,,
10 ,공통,공통,공통,대학실용영어,0000-1-0355-01,기초영어회화,Y,,,,,,,,,교선,,주,3 ,3 ,브라이언,월,4 ,기307,수,3 ,기307,,,,
11 ,공통,공통,공통,대학실용영어,0000-1-0355-02,기초영어회화,Y,,,,,,영어,100 ,,교선,,주,3 ,3 ,에이미,화,1 ,기308,목,2 ,기308,,,,
12 ,공통,공통,공통,예술과체육,0000-1-0387-01,농구,,,,,,,,0 ,,교선,,주,2 ,2 ,배종원,월,"1,2",,,,,,,,
13 ,공통,공통,공통,사회와경제,0000-1-0670-01,법과생활,,,,,,,,0 ,,교선,,주,3 ,3 ,배덕현,월,5 ,한울B102,수,6 ,한울B102,,,,
14 ,공통,공통,공통,사회와경제,0000-1-0806-01,생활속의경제,,,,,,,,0 ,,교선,,주,3 ,3 ,이수욱,월,5 ,한울504,수,6 ,한울504,,,,
15 ,공통,공통,공통,사회와경제,0000-1-0806-02,생활속의경제,,,,,,,,,,교선,,주,3 ,3 ,김일식,월,1 ,한울311,수,2 ,한울311,,,,
16 ,공통,공통,공통,예술과체육,0000-1-0898-01,스키,,,,,,,,0 ,,교선,,주,2 ,2 ,박석,화,"5,6",,,,,,,,
17 ,공통,공통,공통,대학실용영어,0000-1-1078-01,영어회화1,,,,,,,,,,교선,,주,3 ,3 ,브라이언,월,3 ,기307,수,4 ,기307,,,,
18 ,공통,공통,공통,대학실용영어,0000-1-1078-02,영어회화1,,,,,,,영어,100 ,,교선,,주,3 ,3 ,에이미,화,2 ,기308,목,1 ,기308,,,,
19 ,공통,공통,공통,대학실용영어,0000-1-1078-03,영어회화1,,,,,,,,,,교선,,주,3 ,3 ,브라이언,화,3 ,기307,목,4 ,기307,,,,
20 ,공통,공통,공통,대학실용영어,0000-1-1078-04,영어회화1,,,,,,,영어,100 ,,교선,,주,3 ,3 ,정지수,월,5 ,한울404,수,6 ,한울404,,,,
21 ,공통,공통,공통,수리와자연(화학),0000-1-1224-01,일반화학및실험2,,,,,,,,,N2,교선,,주,4 ,5 ,손성윤,월,4 ,옥203,수,"3,5,6",옥203,,,,
22 ,공통,공통,공통,수리와자연(화학),0000-1-1224-02,일반화학및실험2,,,,,,,,,N4,교선,,주,4 ,5 ,남연식,화,3 ,옥103,목,"1,2,4",옥103,,,,
23 ,공통,공통,공통,예술과체육,0000-1-1618-01,축구,,,,,,,,0 ,,교선,,주,2 ,2 ,선세영,금,"1,2",,,,,,,,
24 ,공통,공통,공통,예술과체육,0000-1-1618-02,축구,,,,,,,,0 ,,교선,,주,2 ,2 ,선세영,금,"3,4",,,,,,,,
25 ,공통,공통,공통,예술과체육,0000-1-1679-01,탁구,,,,,,,,,,교선,,주,2 ,2 ,박현애,화,"2,3",,,,,,,,
26 ,공통,공통,공통,예술과체육,0000-1-1679-02,탁구,,,,,,,,,,교선,,주,2 ,2 ,박현애,화,"4,5",,,,,,,,
27 ,공통,공통,공통,사회와경제,0000-1-1797-01,한국사회의이해,Y,,,,,,,0 ,,교선,,주,3 ,3 ,여하나,금,"5,6",한울B103,,,,,,,
28 ,공통,공통,공통,예술과체육,0000-1-2238-01,스케이팅,,,,,,,,0 ,,교선,,주,2 ,2 ,정재은,수,"3,4",,,,,,,,
29 ,공통,공통,공통,예술과체육,0000-1-2238-02,스케이팅,,,,,,,,0 ,,교선,,주,2 ,2 ,정재은,수,"5,6",,,,,,,,
30 ,공통,공통,공통,과학과기술,0000-1-2339-01,고급C프로그래밍,,,,,,,영어,50 ,"C7,C8",교선,,주,3 ,3 ,김수환,화,4 ,새빛205,목,3 ,새빛205,,,,
31 ,공통,공통,공통,예술과체육,0000-1-2437-01,연극의이해,,,,,,,,,,교선,,주,3 ,3 ,권영호,금,"1,2",한울504,,,,,,,
32 ,공통,공통,공통,글로벌문화와제2외국어,0000-1-2950-01,초급중국어1,,,,,,,,0 ,,교선,,주,3 ,3 ,곡효운,월,6 ,한울405,수,5 ,한울405,,,,
33 ,공통,공통,공통,글로벌문화와제2외국어,0000-1-2950-02,초급중국어1,,,,,,,,0 ,,교선,,주,3 ,3 ,고영란,화,4 ,기305,목,3 ,기305,,,,
34 ,공통,공통,공통,글로벌문화와제2외국어,0000-1-2950-03,초급중국어1,,,,,,,중국어,50 ,,교선,,주,3 ,3 ,김정인,월,4 ,기305,수,3 ,기305,,,,
35 ,공통,공통,공통,글로벌문화와제2외국어,0000-1-2950-04,초급중국어1,,,,,,,중국어,50 ,,교선,,주,3 ,3 ,김태경,금,"3,4",기305,,,,,,,
36 ,공통,공통,공통,글로벌문화와제2외국어,0000-1-2950-05,초급중국어1,,,,,,,중국어,50 ,,교선,,주,3 ,3 ,이승희,화,3 ,한울405,목,4 ,한울405,,,,
37 ,공통,공통,공통,글로벌문화와제2외국어,0000-1-2950-06,초급중국어1,,,,,,,,,,교선,,주,3 ,3 ,장가원,금,"1,2",기306,,,,,,,
38 ,공통,공통,공통,글로벌문화와제2외국어,0000-1-2950-07,초급중국어1,,,,,,,중국어,50 ,,교선,,주,3 ,3 ,양류,월,5 ,기306,수,6 ,기306,,,,
39 ,공통,공통,공통,글로벌문화와제2외국어,0000-1-2950-08,초급중국어1,,,,,Y,,,,,교선,,주,3 ,3 ,김수정,토,"3,4",한울403,,,,,,,
40 ,공통,공통,공통,인간과철학,0000-1-2959-01,인간존재의이해,,,,,,,,,,교선,,야,3 ,3 ,이지영,목,"7,8,9",한울311,,,,,,,
41 ,공통,공통,공통,인간과철학,0000-1-2959-02,인간존재의이해,,,,,Y,,,0 ,,교선,,주,3 ,3 ,김상연,토,"3,4",한울405,,,,,,,
42 ,공통,공통,공통,사회와경제,0000-1-2982-01,인간심리의이해,,,Y,,,,,,,교선,,주,3 ,3 ,김신우,금,3 ,한울B104,,,,,,,
43 ,공통,공통,공통,사회와경제,0000-1-2982-02,인간심리의이해,,,Y,,,,,,,교선,,주,3 ,3 ,김신우,금,4 ,한울B104,,,,,,,
44 ,공통,공통,공통,글로벌문화와제2외국어,0000-1-3039-01,초급중국어2,,,,,,,,0 ,,교선,,주,3 ,3 ,곡효운,월,3 ,한울405,수,4 ,한울405,,,,
45 ,공통,공통,공통,글로벌문화와제2외국어,0000-1-3039-02,초급중국어2,,,,,,,중국어,50 ,,교선,,주,3 ,3 ,이승희,화,4 ,한울405,목,3 ,한울405,,,,
46 ,공통,공통,공통,글로벌문화와제2외국어,0000-1-3039-03,초급중국어2,,,,,,,,,,교선,,야,3 ,3 ,김수정,월,"7,8,9",한울403,,,,,,,
47 ,공통,공통,공통,대학실용영어,0000-1-3089-01,영상영어번역,,,,,,,,,,교선,,주,3 ,3 ,조성은,화,6 ,기308,목,5 ,기308,,,,
48 ,공통,공통,공통,대학실용영어,0000-1-3089-02,영상영어번역,,,,,,,,0 ,,교선,,주,3 ,3 ,이청호,수,"3,4",한울311,,,,,,,
49 ,공통,공통,공통,글로벌문화와제2외국어,0000-1-3090-01,초급일본어생활한자,,,,,,,,0 ,,교선,,주,3 ,3 ,김덕미,화,3 ,한울403,목,4 ,한울403,,,,
50 ,공통,공통,공통,언어와표현,0000-1-3095-01,융합적사고와글쓰기,,,,,,,,0 ,,교선,,주,3 ,3 ,손미영,월,3 ,한울504,수,4 ,한울504,,,,
51 ,공통,공통,공통,언어와표현,0000-1-3095-02,융합적사고와글쓰기,,,,,,,,0 ,,교선,,주,3 ,3 ,손미영,월,4 ,한울504,수,3 ,한울504,,,,
52 ,공통,공통,공통,언어와표현,0000-1-3095-03,융합적사고와글쓰기,,,,,,,,0 ,,교선,,주,3 ,3 ,조영복,화,4 ,한울303,목,3 ,한울303,,,,
53 ,공통,공통,공통,언어와표현,0000-1-3095-04,융합적사고와글쓰기,,,,,,,,0 ,,교선,,주,3 ,3 ,신정은,금,"3,4",기304,,,,,,,
54 ,공통,공통,공통,언어와표현,0000-1-3095-05,융합적사고와글쓰기,,,,,,,,0 ,,교선,,주,3 ,3 ,추선진,월,6 ,한울311,수,5 ,한울311,,,,
55 ,공통,공통,공통,언어와표현,0000-1-3095-06,융합적사고와글쓰기,,,,,,,,,,교선,,주,3 ,3 ,이란,화,2 ,한울203,목,1 ,한울203,,,,
56 ,공통,공통,공통,언어와표현,0000-1-3095-07,융합적사고와글쓰기,,,,,,,,,,교선,,주,3 ,3 ,이혜정,금,"5,6",한울203,,,,,,,
57 ,공통,공통,공통,언어와표현,0000-1-3095-08,융합적사고와글쓰기,,,,,,,,0 ,,교선,,주,3 ,3 ,차선일,월,6 ,비427,수,5 ,비427,,,,
58 ,공통,공통,공통,언어와표현,0000-1-3095-09,융합적사고와글쓰기,,,,,,,,0 ,,교선,,주,3 ,3 ,김승래,월,5 ,옥207,수,6 ,옥207,,,,
59 ,공통,공통,공통,언어와표현,0000-1-3095-10,융합적사고와글쓰기,,,,,,,,0 ,,교선,,주,3 ,3 ,박주원,화,5 ,한울405,목,6 ,한울405,,,,
60 ,공통,공통,공통,언어와표현,0000-1-3095-11,융합적사고와글쓰기,,,,,,,,0 ,,교선,,주,3 ,3 ,전도현,금,"5,6",한울305,,,,,,,
61 ,공통,공통,공통,언어와표현,0000-1-3095-12,융합적사고와글쓰기,,,,,,,,0 ,,교선,,주,3 ,3 ,정우신,금,"5,6",한울403,,,,,,,
62 ,공통,공통,공통,언어와표현,0000-1-3095-13,융합적사고와글쓰기,,,,,,,,,,교선,,주,3 ,3 ,정재훈,월,5 ,비519,수,6 ,비519,,,,
63 ,공통,공통,공통,언어와표현,0000-1-3095-14,융합적사고와글쓰기,,,,,,,,0 ,,교선,,주,3 ,3 ,이은경,금,"1,2",참202,,,,,,,
64 ,공통,공통,공통,언어와표현,0000-1-3095-15,융합적사고와글쓰기,,,,,,,,0 ,,교선,,주,3 ,3 ,김영범,화,4 ,옥206,목,3 ,옥206,,,,
65 ,공통,공통,공통,언어와표현,0000-1-3095-16,융합적사고와글쓰기,,,,,,,,0 ,,교선,,주,3 ,3 ,김문정,화,5 ,한울305,목,6 ,한울305,,,,
66 ,공통,공통,공통,언어와표현,0000-1-3095-17,융합적사고와글쓰기,,,,,,,,0 ,,교선,,주,3 ,3 ,이은란,화,6 ,한울305,목,5 ,한울305,,,,
67 ,공통,공통,공통,언어와표현,0000-1-3095-18,융합적사고와글쓰기,,,,,,,,,,교선,,주,3 ,3 ,김상민,월,3 ,비519,수,4 ,비519,,,,
68 ,공통,공통,공통,언어와표현,0000-1-3095-19,융합적사고와글쓰기,,,,,,,,,,교선,,주,3 ,3 ,신재형,화,2 ,비420,목,1 ,비420,,,,
69 ,공통,공통,공통,언어와표현,0000-1-3095-20,융합적사고와글쓰기,Y,,,,,,,0 ,,교선,,주,3 ,3 ,위수지,월,4 ,비519,수,3 ,비519,,,,
70 ,공통,공통,공통,예술과체육,0000-1-3223-01,골프,,,,,,,,,,교선,,주,2 ,2 ,설수황,금,"3,4",,,,,,,,
71 ,공통,공통,공통,예술과체육,0000-1-3223-02,골프,,,,,,,,,,교선,,주,2 ,2 ,설수황,금,"5,6",,,,,,,,
72 ,공통,공통,공통,대학실용영어,0000-1-3362-01,대학영어,,,,,,,,0 ,,교선,,주,3 ,3 ,손영희,월,4 ,기308,수,3 ,기308,,,,
73 ,공통,공통,공통,대학실용영어,0000-1-3362-02,대학영어,,,,,,,영어,50 ,,교선,,주,3 ,3 ,정지수,월,2 ,한울404,수,1 ,한울404,,,,
74 ,공통,공통,공통,대학실용영어,0000-1-3362-03,대학영어,,,,,,,,0 ,,교선,,주,3 ,3 ,고현아,월,6 ,한울203,수,5 ,한울203,,,,
75 ,공통,공통,공통,대학실용영어,0000-1-3362-04,대학영어,,,,,,,,0 ,,교선,,주,3 ,3 ,김주연,화,4 ,한울403,목,3 ,한울403,,,,
76 ,공통,공통,공통,대학실용영어,0000-1-3362-05,대학영어,,,,,,,,0 ,,교선,,주,3 ,3 ,정관희,금,"3,4",기308,,,,,,,
77 ,공통,공통,공통,대학실용영어,0000-1-3362-06,대학영어,,,,,,,,0 ,,교선,,주,3 ,3 ,유선영,화,2 ,한울305,목,1 ,한울305,,,,
78 ,공통,공통,공통,대학실용영어,0000-1-3362-07,대학영어,,,,,,,,0 ,,교선,,주,3 ,3 ,이종국,월,3 ,옥207,수,4 ,옥207,,,,
79 ,공통,공통,공통,대학실용영어,0000-1-3362-08,대학영어,,,,,,,,0 ,,교선,,주,3 ,3 ,손가현,화,6 ,한울403,목,5 ,한울403,,,,
80 ,공통,공통,공통,대학실용영어,0000-1-3362-09,대학영어,,,,,,,,,,교선,,주,3 ,3 ,목승혜,화,3 ,비405,목,4 ,비405,,,,
81 ,공통,공통,공통,대학실용영어,0000-1-3362-10,대학영어,Y,,,,,,,0 ,,교선,,주,3 ,3 ,김보식,금,"1,2",기308,,,,,,,
82 ,공통,공통,공통,사회와경제,0000-1-3363-01,세계경제의이해,,,,,,,,,,교선,,주,3 ,3 ,김일식,월,2 ,한울311,수,1 ,한울311,,,,
83 ,공통,공통,공통,사회와경제,0000-1-3363-02,세계경제의이해,,,,,Y,,,0 ,,교선,,주,3 ,3 ,이남겸,토,"5,6",한울203,,,,,,,
84 ,공통,공통,공통,과학과기술,0000-1-3403-03,고급프로그래밍,,,,,,,,,,교선,,주,3 ,3 ,정문호,월,6 ,비513,수,5 ,비513,,,,로봇학부 2학년
85 ,공통,공통,공통,수리와자연(물리),0000-1-3414-01,대학물리및실험1,,,,,,,,0 ,,교선,,주,3 ,4 ,정란주,화,2 ,비421,목,"1,2",비421,,,,
86 ,공통,공통,공통,수리와자연(화학),0000-1-3415-01,대학화학및실험1,,,,,,,,0 ,,교선,,주,3 ,4 ,이혜정,월,"2,5",비409,수,1 ,비409,,,,
87 ,공통,공통,공통,수리와자연(화학),0000-1-3415-02,대학화학및실험1,,,,,,,,0 ,,교선,,주,3 ,4 ,사영진,월,3 ,참202,화,1 ,,수,4 ,참202,
88 ,공통,공통,공통,수리와자연(물리),0000-1-3416-01,대학물리및실험2,,,,,,,,,"E7,E8,J1,J2,T1,T2",교선,,주,3 ,4 ,전부일,월,6 ,비421,수,"5,6",비421,,,,
89 ,공통,공통,공통,수리와자연(물리),0000-1-3416-02,대학물리및실험2,,,,,,,,0 ,"E7,E8,J1,J2,T1,T2",교선,,주,3 ,4 ,구제환,화,4 ,비429,목,"3,4",비429,,,,
90 ,공통,공통,공통,수리와자연(물리),0000-1-3416-03,대학물리및실험2,,,,,,,,0 ,"E7,E8,J1,J2,T1,T2",교선,,주,3 ,4 ,구제환,화,6 ,비429,목,"5,6",비429,,,,
91 ,공통,공통,공통,수리와자연(물리),0000-1-3416-04,대학물리및실험2,,,,,,,,0 ,"E7,E8,J1,J2,T1,T2",교선,,주,3 ,4 ,최진성,화,"3,4",비420,목,4 ,비420,,,,
92 ,공통,공통,공통,수리와자연(물리),0000-1-3416-05,대학물리및실험2,,,,,,,,0 ,"E7,E8,J1,J2,T1,T2",교선,,주,3 ,4 ,양우일,화,6 ,비519,목,"5,6",비519,,,,
93 ,공통,공통,공통,수리와자연(물리),0000-1-3416-06,대학물리및실험2,,,,,,,,0 ,"E7,E8,J1,J2,T1,T2",교선,,주,3 ,4 ,정용환,화,"1,2",비429,목,2 ,비429,,,,
94 ,공통,공통,공통,수리와자연(물리),0000-1-3416-07,대학물리및실험2,,,,,,,,0 ,"E7,E8,J1,J2,T1,T2",교선,,주,3 ,4 ,나영호,화,"5,6",비428,목,6 ,비428,,,,
95 ,공통,공통,공통,수리와자연(물리),0000-1-3416-08,대학물리및실험2,Y,,Y,,,,영어,100 ,"T1,T2",교선,,주,3 ,4 ,나젠드라,화,2 ,비427,목,"1,2",비427,,,,
96 ,공통,공통,공통,수리와자연(화학),0000-1-3417-01,대학화학및실험2,,,,,,,,0 ,"K1,K2",교선,,주,3 ,4 ,박세규,월,2 ,비421,수,"1,2",비421,,,,
97 ,공통,공통,공통,수리와자연(화학),0000-1-3417-02,대학화학및실험2,,,Y,,,,,0 ,"K1,K2",교선,,주,3 ,4 ,손희상,월,2 ,옥203,수,"1,2",옥203,,,,
98 ,공통,공통,공통,수리와자연(화학),0000-1-3417-03,대학화학및실험2,,,,,,,,0 ,K3,교선,,주,3 ,4 ,양재규,월,"1,2",비401,수,2 ,비401,,,,
99 ,공통,공통,공통,수리와자연(화학),0000-1-3417-04,대학화학및실험2,,,,,,,,,"T1,T2",교선,,주,3 ,4 ,남연식,월,1 ,옥206,수,"1,2",옥206,,,,
100 ,공통,공통,공통,서울권역e-러닝계열,0000-1-3535-01,미래소비사회와상품,,Y,,Y,,,,,,교선,,주,2 ,2 ,,토,42 ,,,,,,,,
101 ,공통,공통,공통,글로벌문화와제2외국어,0000-1-3589-01,독일어1,,,,,,,,0 ,,교선,,주,3 ,3 ,임병화,금,"3,4",기306,,,,,,,
102 ,공통,공통,공통,글로벌문화와제2외국어,0000-1-3593-01,초급일본어1,,,,,,,,0 ,,교선,,주,3 ,3 ,이승영,월,3 ,한울403,수,4 ,한울403,,,,
103 ,공통,공통,공통,글로벌문화와제2외국어,0000-1-3593-02,초급일본어1,,,,,,,,,,교선,,주,3 ,3 ,후지무라마이,화,1 ,한울203,목,2 ,한울203,,,,
104 ,공통,공통,공통,글로벌문화와제2외국어,0000-1-3593-03,초급일본어1,,,,,,,,,,교선,,주,3 ,3 ,후지무라마이,화,3 ,한울203,목,4 ,한울203,,,,
105 ,공통,공통,공통,글로벌문화와제2외국어,0000-1-3593-04,초급일본어1,,,,,,,,0 ,,교선,,주,3 ,3 ,김경화,월,4 ,한울305,수,3 ,한울305,,,,
106 ,공통,공통,공통,글로벌문화와제2외국어,0000-1-3593-05,초급일본어1,,,,,,,,0 ,,교선,,주,3 ,3 ,정수진,화,6 ,기307,목,5 ,기307,,,,
107 ,공통,공통,공통,글로벌문화와제2외국어,0000-1-3593-06,초급일본어1,,,,,,,,0 ,,교선,,주,3 ,3 ,신은화,금,"3,4",기307,,,,,,,
108 ,공통,공통,공통,글로벌문화와제2외국어,0000-1-3593-07,초급일본어1,,,,,,,,0 ,,교선,,주,3 ,3 ,이상이,금,"1,2",기307,,,,,,,
109 ,공통,공통,공통,글로벌문화와제2외국어,0000-1-3593-08,초급일본어1,,,,,,,,0 ,,교선,,주,3 ,3 ,김미옥,금,"5,6",기307,,,,,,,
110 ,공통,공통,공통,글로벌문화와제2외국어,0000-1-3593-09,초급일본어1,,,,,,,,,,교선,,주,3 ,3 ,야마모토미사키,월,2 ,기307,수,1 ,기307,,,,
111 ,공통,공통,공통,글로벌문화와제2외국어,0000-1-3593-10,초급일본어1,,,,,Y,,,0 ,,교선,,주,3 ,3 ,임휘준,토,"3,4",한울305,,,,,,,
112 ,공통,공통,공통,대학실용영어,0000-1-3671-01,기초영문법,Y,,,,,,,0 ,,교선,,주,3 ,3 ,손영희,월,2 ,기308,수,1 ,기308,,,,
113 ,공통,공통,공통,수리와자연(수학),0000-1-3675-01,외국인학생을위한기초수학,Y,,,,,,,,,교선,,주,3 ,3 ,최종성,금,"3,4",한울305,,,,,,,
114 ,공통,공통,공통,글로벌문화와제2외국어,0000-1-3693-01,독일어2,,,,,,,,0 ,,교선,,주,3 ,3 ,권상희,금,"1,2",기305,,,,,,,
115 ,공통,공통,공통,글로벌문화와제2외국어,0000-1-3696-01,초급일본어2,,,,,,,,0 ,,교선,,주,3 ,3 ,이승영,월,5 ,한울405,수,6 ,한울405,,,,
116 ,공통,공통,공통,글로벌문화와제2외국어,0000-1-3696-02,초급일본어2,,,,,,,,,,교선,,주,3 ,3 ,최정아,월,6 ,한울305,수,5 ,한울305,,,,
117 ,공통,공통,공통,글로벌문화와제2외국어,0000-1-3696-03,초급일본어2,,,,,,,,0 ,,교선,,주,3 ,3 ,이승영,월,2 ,한울403,수,1 ,한울403,,,,
118 ,공통,공통,공통,글로벌문화와제2외국어,0000-1-3696-04,초급일본어2,,,,,,,일본어,50 ,,교선,,주,3 ,3 ,이지은,금,"3,4",한울410,,,,,,,
119 ,공통,공통,공통,글로벌문화와제2외국어,0000-1-3697-01,프랑스어2,,,,,,,,0 ,,교선,,주,3 ,3 ,허영인,화,3 ,기305,목,4 ,기305,,,,
120 ,공통,공통,공통,글로벌문화와제2외국어,0000-1-3812-01,스페인어1,,,,,,,,,,교선,,주,3 ,3 ,조지 부르고스,금,"5,6",기308,,,,,,,
121 ,공통,공통,공통,예술과체육,0000-1-3814-01,영화의이해,,,,,,,,,,교선,,주,3 ,3 ,레이몬드,화,5 ,한울B101,목,6 ,한울B101,,,,
122 ,공통,공통,공통,예술과체육,0000-1-3814-02,영화의이해,,,,,,,,0 ,,교선,,주,3 ,3 ,유창연,월,1 ,한울B101,수,2 ,한울B101,,,,
123 ,공통,공통,공통,예술과체육,0000-1-3814-03,영화의이해,,,,,,,,,,교선,,야,3 ,3 ,김서영,월,"7,8,9",한울B101,,,,,,,
124 ,공통,공통,공통,인간과철학,0000-1-3919-01,동양의역사,,,,,,,,,,교선,,주,3 ,3 ,박찬근,금,"3,4",비402,,,,,,,
125 ,공통,공통,공통,사회와경제,0000-1-3928-01,성과심리학,,,,,,,,0 ,,교선,,주,3 ,3 ,이정은,금,"1,2",한울311,,,,,,,
126 ,공통,공통,공통,사회와경제,0000-1-3948-01,사회학의이해,,,,,,,,0 ,,교선,,주,3 ,3 ,한세리,금,"3,4",한울311,,,,,,,
127 ,공통,공통,공통,예술과체육,0000-1-4051-01,인간과예술,,,,,,,,,,교선,,주,3 ,3 ,김서영,금,"1,2",한울404,,,,,,,
128 ,공통,공통,공통,사회와경제,0000-1-4061-01,사회봉사2,,,,,,,,0 ,,교선,,야,1 ,2 ,임안나,화,"7,8",한울B101,,,,,,,
129 ,공통,공통,공통,대학실용영어,0000-1-4067-01,기초영작문,,,,,,,,0 ,,교선,,주,3 ,3 ,손영희,월,6 ,기308,수,5 ,기308,,,,
130 ,공통,공통,공통,대학실용영어,0000-1-4067-02,기초영작문,,,,,,,,0 ,,교선,,주,3 ,3 ,이진영,화,5 ,기308,목,6 ,기308,,,,
131 ,공통,공통,공통,과학과기술,0000-1-4099-01,사진편집기술,,,Y,,,,영어,100 ,,교선,,주,3 ,3 ,하마처,목,4 ,기302,,,,,,,
132 ,공통,공통,공통,과학과기술,0000-1-4102-01,블록체인의이해,,,,,,,,0 ,,교선,,주,3 ,3 ,정진우,금,"3,4",비420,,,,,,,
133 ,공통,공통,공통,외국어로서의한국어,0000-1-4120-01,대학한국어,Y,,,,,,,0 ,,교선,,주,3 ,3 ,유혜선,월,2 ,문119,수,1 ,문119,,,,
134 ,공통,공통,공통,외국어로서의한국어,0000-1-4120-02,대학한국어,Y,,,,,,,0 ,,교선,,주,3 ,3 ,김미리,월,1 ,문119,수,2 ,문119,,,,
135 ,공통,공통,공통,외국어로서의한국어,0000-1-4120-03,대학한국어,Y,,,,,,,0 ,,교선,,주,3 ,3 ,이상일,월,2 ,문120,수,1 ,문120,,,,
136 ,공통,공통,공통,사회와경제,0000-1-4282-01,사회과학교양세미나,,,,,,,영어,100 ,,교선,,주,3 ,3 ,하마처,화,4 ,기308,목,3 ,기308,,,,
137 ,공통,공통,공통,사회와경제,0000-1-4282-02,사회과학교양세미나,,,,,,,,,,교선,,야,3 ,3 ,김일식,월,"7,8,9",한울301,,,,,,,
138 ,공통,공통,공통,인간과철학,0000-1-4412-01,심층탐구인간과세계의이해,,Y,,Y,,,,0 ,,교선,,주,1 ,1 ,김영희,토,92 ,,,,,,,,
139 ,공통,공통,공통,인간과철학,0000-1-4413-01,영화로읽는문학,,,,,,,,,,교선,,주,3 ,3 ,임현주,월,6 ,기307,수,5 ,기307,,,,
140 ,공통,공통,공통,사회와경제,0000-1-4415-01,생활속의지식재산권,,,,,,,,,,교선,,주,3 ,3 ,권지현,금,"5,6",한울311,,,,,,,
141 ,공통,공통,공통,예술과체육,0000-1-4418-01,교양음악실기(바이올린),,,,,,,,,,교선,,주,3 ,3 ,임지희,월,"5,6",연1002,,,,,,,
142 ,공통,공통,공통,예술과체육,0000-1-4419-01,교양음악실기(첼로),,,,,,,,0 ,,교선,,주,3 ,3 ,정연재,월,"3,4",연1002,,,,,,,
143 ,공통,공통,공통,예술과체육,0000-1-4421-01,교양음악실기(클라리넷),,,,,,,,0 ,,교선,,주,3 ,3 ,김진규,목,"1,2",연1002,,,,,,,
144 ,공통,공통,공통,예술과체육,0000-1-4422-01,교양음악실기(색소폰),,,,,,,,0 ,,교선,,주,3 ,3 ,노정진,수,"3,4",연1002,,,,,,,
145 ,공통,공통,공통,예술과체육,0000-1-4424-01,교양음악실기(클래식기타),,,,,,,,0 ,,교선,,주,3 ,3 ,유태성,금,"3,4",연1002,,,,,,,
146 ,공통,공통,공통,예술과체육,0000-1-4425-01,교양음악실기(피아노반주테크닉),,,,,,,,,,교선,,주,3 ,3 ,김철수,목,"5,6",연1002,,,,,,,
147 ,공통,공통,공통,수리와자연(수학),0000-1-4625-01,대학수학및연습1,,,Y,,,,,0 ,,교선,,주,3 ,3 ,전성희,월,3 ,비409,,,,,,,
148 ,공통,공통,공통,수리와자연(수학),0000-1-4625-02,대학수학및연습1,,,Y,,,,,0 ,,교선,,주,3 ,3 ,박경은,수,4 ,비409,,,,,,,
149 ,공통,공통,공통,수리와자연(수학),0000-1-4625-03,대학수학및연습1,Y,,Y,,,,영어,100 ,,교선,,주,3 ,3 ,돌지,수,3 ,비409,,,,,,,
150 ,공통,공통,공통,수리와자연(수학),0000-1-4626-01,대학수학및연습2,,,Y,,,,,0 ,"E1,E2,E3,E5,E6,E7,E8,J1,J2,J3,J4,T1,T2",교선,,주,3 ,3 ,유다혜,월,5 ,참202,,,,,,,
151 ,공통,공통,공통,수리와자연(수학),0000-1-4626-02,대학수학및연습2,,,Y,,,,,0 ,"E1,E2,E3,E5,E6,E7,E8,J1,J2,J3,J4,T1,T2",교선,,주,3 ,3 ,하재근,수,6 ,참B105,,,,,,,
152 ,공통,공통,공통,수리와자연(수학),0000-1-4626-03,대학수학및연습2,,,Y,,,,,,"E1,E2,E3,E5,E6,E7,E8,J1,J2,J3,J4,T1,T2",교선,,주,3 ,3 ,최고은,화,3 ,비517,,,,,,,
153 ,공통,공통,공통,수리와자연(수학),0000-1-4626-04,대학수학및연습2,,,Y,,,,,0 ,"E1,E2,E3,E5,E6,E7,E8,J1,J2,J3,J4,T1,T2",교선,,주,3 ,3 ,양훈기,목,4 ,비517,,,,,,,
154 ,공통,공통,공통,수리와자연(수학),0000-1-4626-05,대학수학및연습2,,,Y,,,,,0 ,"E1,E2,E3,E5,E6,E7,E8,J1,J2,J3,J4,T1,T2",교선,,주,3 ,3 ,한혜림,목,3 ,참103,,,,,,,
155 ,공통,공통,공통,수리와자연(수학),0000-1-4626-06,대학수학및연습2,,,Y,,,,,0 ,"C1,C2,C4,C5,C7,C8,J5,J6",교선,,주,3 ,3 ,김순영,수,2 ,비504,,,,,,,
156 ,공통,공통,공통,수리와자연(수학),0000-1-4626-07,대학수학및연습2,,,Y,,,,,0 ,"C1,C2,C4,C5,C7,C8,J5,J6",교선,,주,3 ,3 ,엄태관,화,1 ,참202,,,,,,,
157 ,공통,공통,공통,수리와자연(수학),0000-1-4626-08,대학수학및연습2,,,Y,,,,,0 ,"C1,C2,C4,C5,C7,C8,J5,J6",교선,,주,3 ,3 ,김동호,목,2 ,참202,,,,,,,
158 ,공통,공통,공통,수리와자연(수학),0000-1-4626-09,대학수학및연습2,,,Y,,,,,0 ,"A1,A2,K1,K2,K3",교선,,주,3 ,3 ,박지연,목,6 ,참202,,,,,,,
159 ,공통,공통,공통,수리와자연(수학),0000-1-4626-10,대학수학및연습2,,,Y,,,,,0 ,"A1,A2,K1,K2,K3",교선,,주,3 ,3 ,홍석영,화,1 ,비419,,,,,,,
160 ,공통,공통,공통,수리와자연(수학),0000-1-4626-11,대학수학및연습2,,,,,,,,0 ,N1,교선,,주,3 ,3 ,부선영,화,4 ,옥103,목,3 ,옥103,,,,
161 ,공통,공통,공통,수리와자연(수학),0000-1-4626-12,대학수학및연습2,,,Y,,,,,,"N2,N4",교선,,주,3 ,3 ,권윤기,목,6 ,비419,,,,,,,
162 ,공통,공통,공통,수리와자연(수학),0000-1-4626-13,대학수학및연습2,,,Y,,,,,0 ,"G0,G1,G2,G3,G4,G5,G6,G7,G8,G9",교선,,주,3 ,3 ,연윤정,화,6 ,비409,,,,,,,
163 ,공통,공통,공통,수리와자연(수학),0000-1-4626-14,대학수학및연습2,,,Y,,,,,0 ,"G0,G1,G2,G3,G4,G5,G6,G7,G8,G9",교선,,주,3 ,3 ,부선영,목,5 ,옥103,,,,,,,
164 ,공통,공통,공통,수리와자연(수학),0000-1-4626-15,대학수학및연습2,,,Y,,,,,0 ,"G0,G1,G2,G3,G4,G5,G6,G7,G8,G9",교선,,주,3 ,3 ,박정준,월,5 ,참203,,,,,,,
165 ,공통,공통,공통,수리와자연(수학),0000-1-4626-16,대학수학및연습2,,,Y,,,,,0 ,"G0,G1,G2,G3,G4,G5,G6,G7,G8,G9",교선,,주,3 ,3 ,서영주,금,2 ,한울308,,,,,,,
166 ,공통,공통,공통,수리와자연(수학),0000-1-4626-17,대학수학및연습2,,,Y,,,,,0 ,"G0,G1,G2,G3,G4,G5,G6,G7,G8,G9",교선,,주,3 ,3 ,조향감,수,1 ,한울308,,,,,,,
167 ,공통,공통,공통,수리와자연(수학),0000-1-4626-18,대학수학및연습2,Y,,Y,,,,,,"T1,T2",교선,,주,3 ,3 ,최윤철,수,2 ,한울310,,,,,,,
168 ,공통,공통,공통,수리와자연(수학),0000-1-4627-01,벡터해석학및연습,,,,,,,,0 ,"E1,E2,E3,E5,E6,E7,E8,J1,J2,J3,J4,T1,T2",교선,,주,3 ,3 ,장정환,월,2 ,참202,수,1 ,참202,,,,
169 ,공통,공통,공통,수리와자연(수학),0000-1-4627-02,벡터해석학및연습,,,,,,,,,"E1,E2,E3,E5,E6,E7,E8,J1,J2,J3,J4,T1,T2",교선,,주,3 ,3 ,,화,1 ,비420,목,2 ,비420,,,,
170 ,공통,공통,공통,수리와자연(수학),0000-1-4627-03,벡터해석학및연습,,,,,,,,0 ,"C1,C2,C4,C5,C7,C8,J5,J6,A1,A2,K1,K2,K3",교선,,주,3 ,3 ,서보윤,금,"5,6",참103,,,,,,,
171 ,공통,공통,공통,수리와자연(수학),0000-1-4627-04,벡터해석학및연습,,,,,,,,0 ,"N1,N2,N4,P1",교선,,주,3 ,3 ,최현옥,금,"3,4",비421,,,,,,,
172 ,공통,공통,공통,수리와자연(수학),0000-1-4627-05,벡터해석학및연습,,,,,,,,,"G0,G1,G2,G3,G4,G5,G6,G7,G8,G9",교선,,주,3 ,3 ,정은경,화,4 ,참203,목,3 ,참203,,,,
173 ,공통,공통,공통,사회와경제,0000-1-4638-01,생활속의회계와세무,,,,,,,,0 ,,교선,,주,3 ,3 ,이수욱,월,6 ,한울504,수,5 ,한울504,,,,
174 ,공통,공통,공통,인간과철학,0000-1-4830-01,인성과리더십,,,,,,,,,,교선,,주,2 ,2 ,이종익,월,"5,6",비504,,,,,,,
175 ,공통,공통,공통,인간과철학,0000-1-4831-01,동양사상으로보는건축이야기,,,,,,,,0 ,"V1,V2,V3,V4",교선,,주,3 ,3 ,김승제,금,"1,2",비420,,,,,,,
176 ,공통,공통,공통,예술과체육,0000-1-4837-01,K콘텐츠트랜드의이해,,,,,,,,,,교선,,주,3 ,3 ,김철수,금,"3,4",한울203,,,,,,,
177 ,공통,공통,공통,예술과체육,0000-1-4837-02,K콘텐츠트랜드의이해,,,,,Y,,,0 ,"V1,V2,V3,V4",교선,,주,3 ,3 ,김재영,토,"3,4",한울203,,,,,,,
178 ,공통,공통,공통,예술과체육,0000-1-4841-01,영화음악의역사,,,,,,,,,,교선,,주,3 ,3 ,김철수,금,"5,6",한울B102,,,,,,,
179 ,공통,공통,공통,예술과체육,0000-1-4843-01,문화예술교양세미나,,,,,,,,,,교선,,주,3 ,3 ,김서영,월,"1,2",한울401,,,,,,,
180 ,공통,공통,공통,매치업,0000-1-4852-01,디지털헬스케어산업의이해,,Y,,Y,,Y,,0 ,,교선,,주,1 ,2 ,이석준,토,91 ,,,,,,,,매치업(바이오헬스분야)
181 ,공통,공통,공통,매치업,0000-1-4853-01,IoT헬스케어서비스및제품의이해,,Y,,Y,,Y,,0 ,,교선,,주,1 ,2 ,이재선,토,90 ,,,,,,,,매치업(바이오헬스분야)
182 ,공통,공통,공통,매치업,0000-1-4854-01,의료데이터의이해,,Y,,Y,,Y,,0 ,,교선,,주,1 ,2 ,이석준,토,89 ,,,,,,,,매치업(바이오헬스분야)
183 ,공통,공통,공통,매치업,0000-1-4887-01,생체데이터와인공지능의이해,,Y,,Y,,Y,,,,교선,,주,1 ,2 ,박철수,토,88 ,,,,,,,,매치업(바이오헬스분야)
184 ,공통,공통,공통,대학실용영어,0000-1-4913-01,대학영문법1,,,,,,,,0 ,,교선,,주,3 ,3 ,오경애,금,"3,4",한울404,,,,,,,
185 ,공통,공통,공통,대학실용영어,0000-1-4913-02,대학영문법1,,,,,,,,0 ,,교선,,주,3 ,3 ,강희원,화,5 ,기307,목,6 ,기307,,,,
186 ,공통,공통,공통,과학과기술,0000-1-4929-01,경영과컴퓨터,,,,,,,,0 ,"B1,B2,B3,B4",교선,,주,3 ,3 ,서상구,월,3 ,누403,수,4 ,누403,,,,
187 ,공통,공통,공통,수리와자연(물리),0000-1-5221-01,일반물리및실험2,,,,,,,,0 ,N2,교선,,주,4 ,5 ,박병주,월,3 ,옥203,화,"1,2,6",옥203,,,,
188 ,공통,공통,공통,수리와자연(물리),0000-1-5221-02,일반물리및실험2,,,,,,,,0 ,N4,교선,,주,4 ,5 ,권기청,월,"2,5,6",비429,수,1 ,비429,,,,
189 ,공통,공통,공통,인간과철학,0000-1-5224-01,동서양신화읽기와변용,,,,,,,,0 ,,교선,,주,3 ,3 ,고경주,금,"1,2",한울B103,,,,,,,
190 ,공통,공통,공통,예술과체육,0000-1-5378-01,댄스스포츠,,,,,,,,0 ,,교선,,주,2 ,2 ,강지연,월,"3,4",한천B101,,,,,,,
191 ,공통,공통,공통,예술과체육,0000-1-5378-02,댄스스포츠,,,,,,,,0 ,,교선,,주,2 ,2 ,강지연,월,"5,6",한천B101,,,,,,,
192 ,공통,공통,공통,예술과체육,0000-1-5378-03,댄스스포츠,,,,,,,,0 ,,교선,,야,2 ,2 ,박인혜,목,"7,8",한천B101,,,,,,,
193 ,공통,공통,공통,매치업,0000-1-5457-01,웨어러블로봇과인간동기화를위한센서및인체공학의이해,,Y,,Y,,Y,,0 ,,교선,,주,1 ,2 ,고찬영,토,87 ,,,,,,,,매치업(로봇분야)
194 ,공통,공통,공통,과학과기술,0000-1-5470-01,파이썬프로그래밍,,,,,,,,0 ,,교선,,주,3 ,3 ,조수영,월,3 ,한울104,수,4 ,한울104,,,,
195 ,공통,공통,공통,과학과기술,0000-1-5470-02,파이썬프로그래밍,,,,,,,,0 ,,교선,,주,3 ,3 ,조수영,월,4 ,한울104,수,3 ,한울104,,,,
196 ,공통,공통,공통,과학과기술,0000-1-5470-03,파이썬프로그래밍,,,,,,,영어,100 ,,교선,,주,3 ,3 ,이롤랜드,월,2 ,연204,수,1 ,연204,,,,
197 ,공통,공통,공통,과학과기술,0000-1-5470-04,파이썬프로그래밍,,,,,,,,0 ,,교선,,주,3 ,3 ,박세영,화,6 ,연201,목,5 ,연201,,,,
198 ,공통,공통,공통,과학과기술,0000-1-5470-05,파이썬프로그래밍,,,,,,,,0 ,,교선,,주,3 ,3 ,박세영,화,3 ,연201,목,4 ,연201,,,,
199 ,공통,공통,공통,과학과기술,0000-1-5470-06,파이썬프로그래밍,,,,,,,,0 ,A2,교선,,주,3 ,3 ,이슬기,월,4 ,연205,수,3 ,연205,,,,
200 ,공통,공통,공통,인간과철학,0000-1-5655-01,현대사회와윤리,,,,,,,,0 ,,교선,,야,3 ,3 ,양선진,월,"7,8,9",비405,,,,,,,
201 ,공통,공통,공통,인간과철학,0000-1-5659-01,세계화시대의역사보기,,,,,,,,0 ,,교선,,주,3 ,3 ,김인호,월,2 ,한울305,수,1 ,한울305,,,,
202 ,공통,공통,공통,인간과철학,0000-1-5660-01,유럽의과거와현재,,,,,,,,0 ,,교선,,야,3 ,3 ,김동조,목,"7,8,9",한울403,,,,,,,
203 ,공통,공통,공통,인간과철학,0000-1-5660-02,유럽의과거와현재,,,,,Y,,,0 ,,교선,,주,3 ,3 ,윤희두,토,"3,4",한울311,,,,,,,
204 ,공통,공통,공통,인간과철학,0000-1-5661-01,인문교양세미나,,,,,,,,,,교선,,야,3 ,3 ,김정권,월,"7,8,9",한울401,,,,,,,
205 ,공통,공통,공통,사회와경제,0000-1-5667-01,정치와현대사회,,,,,,,,,,교선,,주,3 ,3 ,기유정,금,"3,4",기301,,,,,,,
206 ,공통,공통,공통,과학과기술,0000-1-5674-01,생활속의과학,,,,,,,,0 ,,교선,,주,3 ,3 ,김상목,월,6 ,비405,수,5 ,비405,,,,
207 ,공통,공통,공통,과학과기술,0000-1-5674-02,생활속의과학,,,,,,,,0 ,,교선,,주,3 ,3 ,우기정,월,"5,6",참103,,,,,,,
208 ,공통,공통,공통,과학과기술,0000-1-5674-03,생활속의과학,,,,,,,,0 ,,교선,,주,3 ,3 ,김충혁,금,"1,2",한울502,,,,,,,
209 ,공통,공통,공통,예술과체육,0000-1-5678-01,대중문화와삶,,,,,,,,0 ,,교선,,야,3 ,3 ,김철수,목,"7,8,9",한울203,,,,,,,
210 ,공통,공통,공통,예술과체육,0000-1-5678-02,대중문화와삶,,,,,,,,,,교선,,주,3 ,3 ,고효경,금,"3,4",한울B101,,,,,,,
211 ,공통,공통,공통,예술과체육,0000-1-5683-01,요가,,,,,,,,0 ,,교선,,주,2 ,2 ,문경림,금,"3,4",한천B101,,,,,,,
212 ,공통,공통,공통,예술과체육,0000-1-5683-02,요가,,,,,,,,0 ,,교선,,주,2 ,2 ,문경림,금,"5,6",한천B101,,,,,,,
213 ,공통,공통,공통,예술과체육,0000-1-5683-03,요가,,,,,,,,0 ,,교선,,야,2 ,2 ,박인혜,화,"7,8",한천B101,,,,,,,
214 ,공통,공통,공통,예술과체육,0000-1-5684-01,웰니스트레이닝,,,,,,,,,,교선,,주,2 ,2 ,임원현,월,"5,6",연B207,,,,,,,
215 ,공통,공통,공통,예술과체육,0000-1-5684-02,웰니스트레이닝,,,,,,,,,,교선,,주,2 ,2 ,박한수,수,"5,6",연B207,,,,,,,
216 ,공통,공통,공통,예술과체육,0000-1-5684-03,웰니스트레이닝,,,,,,,,0 ,,교선,,주,2 ,2 ,박인혜,금,"3,4",연B207,,,,,,,
217 ,공통,공통,공통,글로벌문화와제2외국어,0000-1-5688-01,일본문화읽기,,,,,,,,0 ,,교선,,주,3 ,3 ,권혁인,화,6 ,한울404,목,5 ,한울404,,,,
218 ,공통,공통,공통,글로벌문화와제2외국어,0000-1-5688-02,일본문화읽기,,,,,,,,0 ,,교선,,주,3 ,3 ,유양근,금,"3,4",한울411,,,,,,,
219 ,공통,공통,공통,수리와자연(수학),0000-1-5704-01,자연교양세미나,,,,,,,,0 ,,교선,,주,3 ,3 ,김영희,월,"3,4",한울401,,,,,,,
220 ,공통,공통,공통,수리와자연(수학),0000-1-5704-02,자연교양세미나,,,,,,,,,,교선,,주,3 ,3 ,최종성,화,6 ,한울401,목,5 ,한울401,,,,
221 ,공통,공통,공통,서울권역e-러닝계열,0000-1-5706-01,상상과창조,,Y,,Y,,,,,,교선,,주,3 ,3 ,,토,41 ,,,,,,,,
222 ,공통,공통,공통,과학과기술,0000-1-5819-01,AI빅데이터의이해,,,,,,,,0 ,,교선,,주,3 ,3 ,정태원,화,1 ,연201,목,2 ,연201,,,,
223 ,공통,공통,공통,과학과기술,0000-1-5819-02,AI빅데이터의이해,,,,,,,,0 ,,교선,,주,3 ,3 ,정태원,화,2 ,연201,목,1 ,연201,,,,
224 ,공통,공통,공통,과학과기술,0000-1-5821-01,AI멀티미디어활용,,,,,,,,0 ,,교선,,주,3 ,3 ,서창옥,월,3 ,비502,수,4 ,비502,,,,
225 ,공통,공통,공통,과학과기술,0000-1-5821-02,AI멀티미디어활용,,,,,,,,0 ,,교선,,주,3 ,3 ,서창옥,월,4 ,비502,수,3 ,비502,,,,
226 ,공통,공통,공통,과학과기술,0000-1-5821-03,AI멀티미디어활용,,,,,,,,0 ,,교선,,주,3 ,3 ,정태원,화,4 ,연201,목,3 ,연201,,,,
227 ,공통,공통,공통,사회와경제,0000-1-5824-01,행복한커플그리고가족,,Y,,Y,Y,,,0 ,,교선,,주,3 ,3 ,최해옥,토,86 ,,,,,,,,
228 ,공통,공통,공통,대학실용영어,0000-1-5833-01,TOEIC LC 초급,,,,,,,,0 ,,교선,,주,3 ,3 ,김주연,화,1 ,한울305,목,2 ,한울305,,,,
229 ,공통,공통,공통,언어와표현,0000-1-5845-01,발표와설득전략,,,,,,,,0 ,,교선,,주,3 ,3 ,김학현,화,1 ,한울405,목,2 ,한울405,,,,
230 ,공통,공통,공통,언어와표현,0000-1-5846-01,취업말하기전략,,,,,,,,0 ,,교선,,주,3 ,3 ,김보경,금,"3,4",참203,,,,,,,
231 ,공통,공통,공통,언어와표현,0000-1-5848-01,취업글쓰기전략,,,,,,,,,,교선,,주,3 ,3 ,이종철,금,"1,2",참203,,,,,,,
232 ,공통,공통,공통,언어와표현,0000-1-5849-01,웹소설창작기초,,,,,,,,0 ,,교선,,주,3 ,3 ,신승일,금,"5,6",한울405,,,,,,,
233 ,공통,공통,공통,언어와표현,0000-1-5850-01,고전콘텐츠와문화산책,,,,,,,,0 ,,교선,,주,3 ,3 ,우채리,금,"3,4",옥207,,,,,,,
234 ,공통,공통,공통,언어와표현,0000-1-5851-01,한국문학읽기,,,,,,,,0 ,,교선,,주,3 ,3 ,유승호,금,"1,2",비405,,,,,,,
235 ,공통,공통,공통,언어와표현,0000-1-5852-01,자기성찰과치유적글쓰기,,,,,,,,0 ,,교선,,주,3 ,3 ,이미진,화,3 ,한울305,목,4 ,한울305,,,,
236 ,공통,공통,공통,언어와표현,0000-1-5892-01,시사쟁점이해와비판적표현,,,,,,,,,,교선,,주,3 ,3 ,이정현,화,3 ,한울504,목,4 ,한울504,,,,
237 ,공통,공통,공통,언어와표현,0000-1-5897-01,문해력실전연습,,,,,,,,,,교선,,주,3 ,3 ,정영호,금,"1,2",옥207,,,,,,,
238 ,공통,공통,공통,언어와표현,0000-1-5898-01,국어맞춤법실습,,,,,,,,,,교선,,주,3 ,3 ,고희준,금,"5,6",비519,,,,,,,
239 ,공통,공통,공통,인간과철학,0000-1-5899-01,과학기술윤리,,,,,,,,0 ,,교선,,주,3 ,3 ,박지희,금,"3,4",참103,,,,,,,
240 ,공통,공통,공통,인간과철학,0000-1-5899-02,과학기술윤리,,,,,,,,0 ,,교선,,주,3 ,3 ,이재유,금,"5,6",비420,,,,,,,
241 ,공통,공통,공통,사회와경제,0000-1-5901-01,기술경영과마케팅,,,,,,,,,,교선,,주,3 ,3 ,이은정,화,1 ,한울311,목,2 ,한울311,,,,창업 교과목
242 ,공통,공통,공통,사회와경제,0000-1-5901-02,기술경영과마케팅,,,,,,,,,,교선,,주,3 ,3 ,이은정,화,2 ,한울311,목,1 ,한울311,,,,창업 교과목
243 ,공통,공통,공통,과학과기술,0000-1-5909-01,공학과디자인,,,,,,,,0 ,,교선,,주,3 ,3 ,유미란,화,2 ,비519,목,1 ,비519,,,,
244 ,공통,공통,공통,과학과기술,0000-1-5909-02,공학과디자인,,,,,,,,,,교선,,주,3 ,3 ,엄은영,화,3 ,비427,목,4 ,비427,,,,
245 ,공통,공통,공통,과학과기술,0000-1-5924-01,스마트사회와인공지능,,,,,,,,0 ,,교선,,주,3 ,3 ,스레스터바누,화,1 ,비405,목,2 ,비405,,,,
246 ,공통,공통,공통,과학과기술,0000-1-5924-02,스마트사회와인공지능,,,,,,,,0 ,,교선,,주,3 ,3 ,스레스터바누,화,2 ,비405,목,1 ,비405,,,,
247 ,공통,공통,공통,과학과기술,0000-1-5924-03,스마트사회와인공지능,,,,,,,,0 ,,교선,,주,3 ,3 ,김길래,금,"5,6",비429,,,,,,,
248 ,공통,공통,공통,과학과기술,0000-1-5924-04,스마트사회와인공지능,,,,,,,영어,100 ,,교선,,주,3 ,3 ,이롤랜드,월,4 ,비402,수,3 ,비402,,,,
249 ,공통,공통,공통,과학과기술,0000-1-5924-05,스마트사회와인공지능,,,,,,,,0 ,,교선,,주,3 ,3 ,김덕은,금,"1,2",연201,,,,,,,
250 ,공통,공통,공통,과학과기술,0000-1-5924-06,스마트사회와인공지능,,,,,,,,,,교선,,주,3 ,3 ,장경석,화,4 ,연108,목,3 ,연108,,,,
251 ,공통,공통,공통,과학과기술,0000-1-5924-07,스마트사회와인공지능,,,,,,,,0 ,"C1,C2",교선,,주,3 ,3 ,김기현,금,"3,4",새빛304,,,,,,,
252 ,공통,공통,공통,과학과기술,0000-1-5924-08,스마트사회와인공지능,,,,,,,,,"C1,C2",교선,,주,3 ,3 ,,수,"1,2",새빛303,,,,,,,
253 ,공통,공통,공통,과학과기술,0000-1-5924-09,스마트사회와인공지능,,,,,,,,0 ,"C4,C5",교선,,주,3 ,3 ,김우생,화,2 ,새빛204,목,1 ,새빛204,,,,
254 ,공통,공통,공통,과학과기술,0000-1-5924-10,스마트사회와인공지능,,,,,,,,0 ,"C4,C5",교선,,주,3 ,3 ,김종국,금,"3,4",새빛203,,,,,,,
255 ,공통,공통,공통,과학과기술,0000-1-5924-11,스마트사회와인공지능,,Y,,Y,Y,,,0 ,,교선,,주,3 ,3 ,조수영,토,51 ,,,,,,,,
256 ,공통,공통,공통,수리와자연(수학),0000-1-5928-01,인문사회계를위한미분적분학,,,,,,,,,,교선,,주,3 ,3 ,황선영,월,2 ,참103,수,1 ,참103,,,,
257 ,공통,공통,공통,K-MOOC,0000-1-5929-01,첨단기술을연결하는스마트에너지네트워크,,Y,,Y,,Y,,0 ,,교선,,야,2 ,3 ,이석준,금,"7,8",,,,,,,,1~11주차 운영
258 ,공통,공통,공통,K-MOOC,0000-1-5930-01,첨단기술을유지하는스마트에너지보안,,Y,,Y,,Y,,0 ,,교선,,야,2 ,3 ,지정은,월,"7,8",,,,,,,,1~11주차 운영
259 ,공통,공통,공통,매치업,0000-1-5931-01,웨어러블로봇산업동향과제품인증및특허의이해,,Y,,Y,,Y,,,,교선,,주,1 ,2 ,이종희,토,85 ,,,,,,,,매치업(로봇분야)
260 ,공통,공통,공통,매치업,0000-1-5932-01,지능형로봇의하드웨어와소프트웨어의이해,,Y,,Y,,Y,,,,교선,,주,1 ,2 ,이예솝,토,84 ,,,,,,,,매치업(로봇분야)
261 ,공통,공통,공통,매치업,0000-1-5933-01,웨어러블로봇하드웨어의특징과제어시스템의이해,,Y,,Y,,Y,,,,교선,,주,1 ,2 ,백주훈,토,57 ,,,,,,,,매치업(로봇분야)
262 ,공통,공통,공통,예술과체육,0000-1-6060-01,아카펠라,,,,,,,,0 ,,교선,,주,3 ,3 ,이강성,수,"5,6",연1002,,,,,,,
263 ,공통,공통,공통,서울권역e-러닝계열,0000-1-6061-01,문화콘텐츠스토리텔링전략,,Y,,Y,,,,,,교선,,주,3 ,3 ,,토,40 ,,,,,,,,
264 ,공통,공통,공통,인간과철학,0000-1-6125-01,Design Your Life,,,,,,,,,,교선,,주,3 ,3 ,한병욱,수,"3,4",기203,,,,,,,
265 ,공통,공통,공통,글로벌문화와제2외국어,0000-1-6135-01,스페인어2,,,,,,,,0 ,,교선,,주,3 ,3 ,신태식,금,"1,2",한울303,,,,,,,
266 ,공통,공통,공통,AI리터러시,0000-1-6453-01,AI리터러시,,Y,,Y,,,,0 ,,교필,,주,3 ,3 ,이강성,토,59 ,,,,,,,,"2026학번부터 수강 가능, 이전 학번 수강 불가"
267 ,공통,공통,공통,AI리터러시,0000-1-6453-02,AI리터러시,,Y,,Y,,,,0 ,,교필,,주,3 ,3 ,민영호,토,83 ,,,,,,,,"2026학번부터 수강 가능, 이전 학번 수강 불가"
268 ,공통,공통,공통,AI리터러시,0000-1-6453-03,AI리터러시,,Y,,Y,,,,0 ,,교필,,주,3 ,3 ,정태원,토,82 ,,,,,,,,"2026학번부터 수강 가능, 이전 학번 수강 불가"
269 ,공통,공통,공통,기초학문융합,0000-1-6460-01,전공챌린지세미나,,,,,,,,,"G0,G1,G2,G3,G4,G5,G6,G7,G8,G9",교선,,주,2 ,2 ,박하민,화,2 ,참103,목,1 ,참103,,,,
270 ,공통,공통,공통,기초학문융합,0000-1-6460-02,전공챌린지세미나,,,,,,,,0 ,"G0,G1,G2,G3,G4,G5,G6,G7,G8,G9",교선,,주,2 ,2 ,박수원,월,1 ,비618,수,2 ,비618,,,,
271 ,공통,공통,공통,기초학문융합,0000-1-6460-03,전공챌린지세미나,,,,,,,,0 ,"G0,G1,G2,G3,G4,G5,G6,G7,G8,G9",교선,,주,2 ,2 ,심준섭,금,"1,2",참102,,,,,,,
272 ,공통,공통,공통,기초학문융합,0000-1-6460-04,전공챌린지세미나,,,,,,,,0 ,"G0,G1,G2,G3,G4,G5,G6,G7,G8,G9",교선,,주,2 ,2 ,이도환,화,2 ,참202,목,1 ,참202,,,,
273 ,공통,공통,공통,기초학문융합,0000-1-6460-05,전공챌린지세미나,,,,,,,,,"G0,G1,G2,G3,G4,G5,G6,G7,G8,G9",교선,,주,2 ,2 ,김민경,금,"1,2",비419,,,,,,,
274 ,공통,공통,공통,기초학문융합,0000-1-6460-06,전공챌린지세미나,,,,,,,,,"G0,G1,G2,G3,G4,G5,G6,G7,G8,G9",교선,,주,2 ,2 ,장재은,금,"3,4",한울301,,,,,,,
275 ,공통,공통,공통,기초학문융합,0000-1-6460-07,전공챌린지세미나,,,,,,,,0 ,"G0,G1,G2,G3,G4,G5,G6,G7,G8,G9",교선,,주,2 ,2 ,유지현,금,"1,2",새빛303,,,,,,,
276 ,공통,공통,공통,기초학문융합,0000-1-6460-08,전공챌린지세미나,,,,,,,,,"G0,G1,G2,G3,G4,G5,G6,G7,G8,G9",교선,,주,2 ,2 ,최민규,화,2 ,참203,목,1 ,참203,,,,
277 ,공통,공통,공통,기초학문융합,0000-1-6460-09,전공챌린지세미나,,,,,,,,0 ,"G0,G1,G2,G3,G4,G5,G6,G7,G8,G9",교선,,주,2 ,2 ,박규동,화,2 ,기305,목,1 ,기305,,,,
278 ,공통,공통,공통,기초학문융합,0000-1-6460-10,전공챌린지세미나,,,,,,,,0 ,"G0,G1,G2,G3,G4,G5,G6,G7,G8,G9",교선,,주,2 ,2 ,양우성,화,3 ,새빛205,목,4 ,새빛205,,,,
279 ,공통,공통,공통,기초학문융합,0000-1-6460-11,전공챌린지세미나,,,,,,,,0 ,"G0,G1,G2,G3,G4,G5,G6,G7,G8,G9",교선,,주,2 ,2 ,김지혜,금,"3,4",참1009,,,,,,,
280 ,공통,공통,공통,기초학문융합,0000-1-6460-12,전공챌린지세미나,,,,,,,,0 ,"G0,G1,G2,G3,G4,G5,G6,G7,G8,G9",교선,,주,2 ,2 ,이기원,화,2 ,참105,목,1 ,참105,,,,
281 ,공통,공통,공통,기초학문융합,0000-1-6460-13,전공챌린지세미나,,,,,,,,0 ,"G0,G1,G2,G3,G4,G5,G6,G7,G8,G9",교선,,주,2 ,2 ,양재규,화,2 ,기306,목,1 ,기306,,,,
282 ,공통,공통,공통,기초학문융합,0000-1-6460-14,전공챌린지세미나,,,,,,,,,"G0,G1,G2,G3,G4,G5,G6,G7,G8,G9",교선,,야,2 ,2 ,이진우,수,"7,8",옥601,,,,,,,
283 ,공통,공통,공통,기초학문융합,0000-1-6460-15,전공챌린지세미나,,,,,,,,0 ,"G0,G1,G2,G3,G4,G5,G6,G7,G8,G9",교선,,주,2 ,2 ,김윤기,금,"1,2",옥501,,,,,,,
284 ,공통,공통,공통,기초학문융합,0000-1-6460-16,전공챌린지세미나,,,,,,,,,"G0,G1,G2,G3,G4,G5,G6,G7,G8,G9",교선,,주,2 ,2 ,전흥배,금,"1,2",옥210,,,,,,,
285 ,공통,공통,공통,기초학문융합,0000-1-6460-17,전공챌린지세미나,,,,,,,,0 ,"G0,G1,G2,G3,G4,G5,G6,G7,G8,G9",교선,,주,2 ,2 ,장석원,화,4 ,한울301,목,3 ,한울301,,,,
286 ,공통,공통,공통,기초학문융합,0000-1-6460-18,전공챌린지세미나,,,,,,,영어,50 ,"G0,G1,G2,G3,G4,G5,G6,G7,G8,G9",교선,,주,2 ,2 ,임효정,화,2 ,한울301,목,1 ,한울301,,,,
287 ,공통,공통,공통,기초학문융합,0000-1-6460-19,전공챌린지세미나,,,,,,,,0 ,"G0,G1,G2,G3,G4,G5,G6,G7,G8,G9",교선,,주,2 ,2 ,정일권,화,2 ,한울401,목,1 ,한울401,,,,
288 ,공통,공통,공통,기초학문융합,0000-1-6460-20,전공챌린지세미나,,,,,,,,,"G0,G1,G2,G3,G4,G5,G6,G7,G8,G9",교선,,주,2 ,2 ,이병관,월,3 ,한울410,수,4 ,한울410,,,,
289 ,공통,공통,공통,기초학문융합,0000-1-6460-21,전공챌린지세미나,,,,,,,,,"G0,G1,G2,G3,G4,G5,G6,G7,G8,G9",교선,,주,2 ,2 ,최정아,금,"3,4",한울401,,,,,,,
290 ,공통,공통,공통,기초학문융합,0000-1-6460-22,전공챌린지세미나,,,,,,,,0 ,"G0,G1,G2,G3,G4,G5,G6,G7,G8,G9",교선,,주,2 ,2 ,김주찬,화,2 ,한울304,목,1 ,한울304,,,,
291 ,공통,공통,공통,기초학문융합,0000-1-6460-23,전공챌린지세미나,,,,,,,,,"G0,G1,G2,G3,G4,G5,G6,G7,G8,G9",교선,,야,2 ,2 ,한재경,수,"7,8",한울404,,,,,,,
292 ,공통,공통,공통,기초학문융합,0000-1-6460-24,전공챌린지세미나,,,,,,,,0 ,"G0,G1,G2,G3,G4,G5,G6,G7,G8,G9",교선,,주,2 ,2 ,전진호,수,"6,7",한울301,,,,,,,
293 ,공통,공통,공통,기초학문융합,0000-1-6460-25,전공챌린지세미나,,,,,,,,,"G0,G1,G2,G3,G4,G5,G6,G7,G8,G9",교선,,주,2 ,2 ,하용수,화,2 ,한울404,목,1 ,한울404,,,,
294 ,공통,공통,공통,기초학문융합,0000-1-6460-26,전공챌린지세미나,,,,,,,,0 ,"G0,G1,G2,G3,G4,G5,G6,G7,G8,G9",교선,,주,2 ,2 ,박아름,금,"3,4",누403,,,,,,,
295 ,공통,공통,공통,기초학문융합,0000-1-6460-27,전공챌린지세미나,,,,,,,,0 ,"G0,G1,G2,G3,G4,G5,G6,G7,G8,G9",교선,,주,2 ,2 ,이가은,월,2 ,한울212,수,1 ,한울212,,,,
296 ,공통,공통,공통,언어와표현,0000-1-6523-01,말하기와소통,,,,,,,,0 ,,교선,,주,3 ,3 ,김광섭,화,2 ,비402,목,1 ,비402,,,,
297 ,공통,공통,공통,글로벌문화와제2외국어,0000-1-6524-01,일본어듣기와쓰기,,,,,,,일본어,50 ,,교선,,주,3 ,3 ,권혁인,화,5 ,한울404,목,6 ,한울404,,,,
298 ,공통,공통,공통,글로벌문화와제2외국어,0000-1-6524-02,일본어듣기와쓰기,,,,,,,,,,교선,,주,3 ,3 ,김희성,화,4 ,옥207,목,3 ,옥207,,,,
299 ,공통,공통,공통,글로벌문화와제2외국어,0000-1-6525-01,중국어듣기와쓰기,,,,,,,중국어,70 ,,교선,,주,3 ,3 ,이명숙,금,"3,4",한울403,,,,,,,
300 ,공통,공통,공통,수리와자연(생물),0000-1-6527-01,대학생물및실험,,,,,,,,0 ,"K1,K2",교선,,주,3 ,4 ,서요셉,월,"5,6,7",비428,,,,,,,
301 ,공통,공통,공통,언어와표현,0000-1-6563-01,문화비평연습,,,,,,,,0 ,,교선,,주,3 ,3 ,송치혁,화,6 ,한울405,목,5 ,한울405,,,,
302 ,공통,공통,공통,서울권역e-러닝계열,0000-1-6581-01,문화기술과사회변동,,Y,,Y,,,,,,교선,,주,3 ,3 ,,토,39 ,,,,,,,,
303 ,공통,공통,공통,K-MOOC,0000-1-6602-01,AI와디지털기반로봇의설계,,Y,,Y,,Y,,,,교선,,야,2 ,3 ,이예솝,목,"8,9",,,,,,,,1~11주차 운영
304 ,공통,공통,공통,K-MOOC,0000-1-6603-01,AI와디지털기반로봇행동설계를위한시뮬레이션과강화학습,,Y,,Y,,Y,,0 ,,교선,,야,2 ,3 ,조인성,목,"7,8",,,,,,,,1~11주차 운영
305 ,공통,공통,공통,K-MOOC,0000-1-6604-01,AI와디지털기반로봇을활용한자율조작학습,,Y,,Y,,Y,,,,교선,,야,2 ,3 ,박수한,화,"7,8",,,,,,,,1~11주차 운영
306 ,공통,공통,공통,서울권역e-러닝계열,0000-1-6612-01,서비스기획실전:AI 활용하기,,Y,,Y,,,,,,교선,,주,3 ,3 ,,토,38 ,,,,,,,,
307 ,공통,공통,공통,서울권역e-러닝계열,0000-1-6613-01,나도콘텐츠크리에이터:AI로배우는창작,,Y,,Y,,,,,,교선,,주,3 ,3 ,,토,37 ,,,,,,,,
308 ,공통,공통,공통,서울권역e-러닝계열,0000-1-6997-01,기업경영과비즈니스전략,,Y,,Y,,,,,,교선,,주,3 ,3 ,,토,36 ,,,,,,,,
309 ,공통,공통,공통,서울권역e-러닝계열,0000-1-7000-01,21세기기업의인재상,,Y,,Y,,,,,,교선,,주,3 ,3 ,김정권,토,54 ,,,,,,,,
310 ,공통,공통,공통,과학과기술,0000-1-7408-01,C프로그래밍응용,,,,,,,,0 ,,교선,,주,3 ,3 ,서창옥,월,5 ,비502,수,6 ,비502,,,,
311 ,공통,공통,공통,과학과기술,0000-1-7408-02,C프로그래밍응용,,,,,,,영어,100 ,,교선,,주,3 ,3 ,이롤랜드,월,6 ,연204,수,5 ,연204,,,,
312 ,공통,공통,공통,과학과기술,0000-1-7408-03,C프로그래밍응용,,,,,,,,0 ,,교선,,주,3 ,3 ,정진범,화,1 ,비513,목,2 ,비513,,,,
313 ,공통,공통,공통,과학과기술,0000-1-7408-04,C프로그래밍응용,,,,,,,,0 ,,교선,,주,3 ,3 ,정진범,화,2 ,비513,목,1 ,비513,,,,
314 ,공통,공통,공통,과학과기술,0000-1-7408-05,C프로그래밍응용,,,,,,,,0 ,,교선,,주,3 ,3 ,정진범,화,3 ,비513,목,4 ,비513,,,,
315 ,공통,공통,공통,과학과기술,0000-1-7408-06,C프로그래밍응용,,,,,,,,,,교선,,주,3 ,3 ,고철영,화,4 ,비502,목,3 ,비502,,,,
316 ,공통,공통,공통,과학과기술,0000-1-7408-07,C프로그래밍응용,,,,,,,,,,교선,,주,3 ,3 ,박수연,월,1 ,비501,수,2 ,비501,,,,
317 ,공통,공통,공통,과학과기술,0000-1-7408-08,C프로그래밍응용,,,,,,,,0 ,,교선,,주,3 ,3 ,최유리,금,"1,2",비502,,,,,,,
318 ,공통,공통,공통,과학과기술,0000-1-7408-09,C프로그래밍응용,,,,,,,,0 ,,교선,,주,3 ,3 ,유소율,금,"3,4",비502,,,,,,,
319 ,공통,공통,공통,과학과기술,0000-1-7408-10,C프로그래밍응용,,,,,,,,,,교선,,주,3 ,3 ,차영화,금,"5,6",연204,,,,,,,
320 ,공통,공통,공통,과학과기술,0000-1-7408-11,C프로그래밍응용,,,,,,,,0 ,,교선,,주,3 ,3 ,조영진,월,1 ,비502,수,2 ,비502,,,,
321 ,공통,공통,공통,과학과기술,0000-1-7408-12,C프로그래밍응용,,,,,,,,0 ,,교선,,주,3 ,3 ,조영진,월,2 ,비502,수,1 ,비502,,,,
322 ,공통,공통,공통,과학과기술,0000-1-7408-13,C프로그래밍응용,,,,,,,,,,교선,,주,3 ,3 ,박수연,화,1 ,비501,목,2 ,비501,,,,
323 ,공통,공통,공통,과학과기술,0000-1-7408-14,C프로그래밍응용,,,,,,,,0 ,,교선,,주,3 ,3 ,김상곤,화,2 ,비502,목,1 ,비502,,,,
324 ,공통,공통,공통,과학과기술,0000-1-7408-15,C프로그래밍응용,,,,,,,,0 ,,교선,,주,3 ,3 ,이찬수,금,"1,2",연204,,,,,,,
325 ,공통,공통,공통,과학과기술,0000-1-7408-16,C프로그래밍응용,,,,,,,,,"E5,E6",교선,,주,3 ,3 ,고철영,화,5 ,비502,목,6 ,비502,,,,
326 ,공통,공통,공통,과학과기술,0000-1-7408-17,C프로그래밍응용,,,,,,,,,"E5,E6",교선,,주,3 ,3 ,박수연,월,2 ,비501,수,1 ,비501,,,,
327 ,공통,공통,공통,과학과기술,0000-1-7408-18,C프로그래밍응용,,,Y,,,,,0 ,"J1,J2",교선,,주,3 ,3 ,이건영,수,4 ,비514,,,,,,,
328 ,공통,공통,공통,과학과기술,0000-1-7408-19,C프로그래밍응용,,,,,,,,,"J1,J2",교선,,주,3 ,3 ,고철영,화,6 ,비502,목,5 ,비502,,,,
329 ,공통,공통,공통,과학과기술,0000-1-7461-01,상상공학과표현,,,,,,,,0 ,,교선,,주,3 ,3 ,김형국,월,4 ,비427,수,3 ,비427,,,,
330 ,공통,공통,공통,과학과기술,0000-1-7461-02,상상공학과표현,,,,,,,,0 ,,교선,,주,3 ,3 ,김형국,월,5 ,비427,수,6 ,비427,,,,
331 ,공통,공통,공통,수리와자연(화학),0000-1-7466-01,대학화학,,Y,,Y,,,,0 ,,교선,,주,3 ,3 ,사영진,토,60 ,,,,,,,,
332 ,공통,공통,공통,사회와경제,0000-1-7468-01,평생교육론,,,,,Y,,,,,교선,,주,3 ,3 ,김성길,토,"1,2",한울403,,,,,,,
333 ,공통,공통,공통,서울권역e-러닝계열,0000-1-7475-01,생활속의계약과협상,,Y,,Y,,,,0 ,,교선,,주,3 ,3 ,심상렬,토,52 ,,,,,,,,
334 ,공통,공통,공통,서울권역e-러닝계열,0000-1-7926-01,정보사회학입문,,Y,,Y,,,,,,교선,,주,3 ,3 ,,토,35 ,,,,,,,,
335 ,공통,공통,공통,인간과철학,0000-1-8085-01,논리적으로사고하기,,,,,,,,0 ,,교선,,주,3 ,3 ,황순호,금,"5,6",참105,,,,,,,
336 ,공통,공통,공통,인간과철학,0000-1-8085-02,논리적으로사고하기,,,,,,,,,,교선,,주,3 ,3 ,홍기숙,금,"3,4",기303,,,,,,,
337 ,공통,공통,공통,예술과체육,0000-1-8127-01,드로잉,,,,,,,,,,교선,,주,3 ,3 ,윤인선,월,"5,6",한울202,,,,,,,
338 ,공통,공통,공통,예술과체육,0000-1-8127-02,드로잉,,,,,,,,0 ,,교선,,주,3 ,3 ,이정인,목,"1,2",한울202,,,,,,,
339 ,공통,공통,공통,서울권역e-러닝계열,0000-1-8129-01,저작권과스마트폰의이해,,Y,,Y,,,,,,교선,,주,2 ,2 ,,토,33 ,,,,,,,,
340 ,공통,공통,공통,사회와경제,0000-1-8583-01,글로벌시대의쟁점과현안,,,,,,,,,,교선,,주,3 ,3 ,전진호,수,"3,4",한울B103,,,,,,,
341 ,공통,공통,공통,사회와경제,0000-1-8583-02,글로벌시대의쟁점과현안,,,,,,,,0 ,,교선,,주,3 ,3 ,이남겸,월,2 ,비420,수,1 ,비420,,,,
342 ,공통,공통,공통,글로벌문화와제2외국어,0000-1-8594-01,현대중국의문화트렌드,,,,,,,,,,교선,,주,3 ,3 ,박현곤,화,2 ,한울403,목,1 ,한울403,,,,
343 ,공통,공통,공통,글로벌문화와제2외국어,0000-1-8594-02,현대중국의문화트렌드,,,,,,,,0 ,,교선,,주,3 ,3 ,곡효운,월,"1,2",한울405,,,,,,,
344 ,공통,공통,공통,서울권역e-러닝계열,0000-1-8833-01,철학과인간가치,,Y,,Y,,,,,,교선,,주,3 ,3 ,,토,32 ,,,,,,,,
345 ,공통,공통,공통,예술과체육,0000-1-9255-01,승마,,,,,,,,0 ,,교선,,주,2 ,2 ,박석,화,"3,4",,,,,,,,
346 ,공통,공통,공통,서울권역e-러닝계열,0000-1-9469-01,행복한금융생활,,Y,,Y,,,,,,교선,,주,3 ,3 ,송영출,토,31 ,,,,,,,,
347 ,공통,공통,공통,외국어로서의한국어,0000-1-9777-01,글쓰기연습,Y,,,,,,,0 ,,교선,,주,3 ,3 ,도옥루이엔,월,"3,4",문119,,,,,,,
348 ,공통,공통,공통,외국어로서의한국어,0000-1-9777-02,글쓰기연습,Y,,,,,,,,,교선,,주,3 ,3 ,김도영,월,"5,6",문119,,,,,,,
349 ,공통,공통,공통,외국어로서의한국어,0000-1-9777-03,글쓰기연습,Y,,,,,,,0 ,,교선,,주,3 ,3 ,신승은,월,"5,6",문120,,,,,,,
350 ,공통,공통,공통,외국어로서의한국어,0000-1-9777-04,글쓰기연습,Y,,,,,,,0 ,,교선,,주,3 ,3 ,박꽃새미,월,"3,4",문120,,,,,,,
351 ,공통,공통,공통,외국어로서의한국어,0000-1-9778-01,한국어텍스트읽기,Y,,,,,,,0 ,,교선,,주,3 ,3 ,도옥루이엔,화,5 ,문119,목,6 ,문119,,,,
352 ,공통,공통,공통,외국어로서의한국어,0000-1-9778-02,한국어텍스트읽기,Y,,,,,,,,,교선,,주,3 ,3 ,이민정,화,2 ,문119,목,1 ,문119,,,,
353 ,공통,공통,공통,외국어로서의한국어,0000-1-9778-03,한국어텍스트읽기,Y,,,,,,,0 ,,교선,,주,3 ,3 ,이도은,화,1 ,문120,목,2 ,문120,,,,
354 ,공통,공통,공통,수리와자연(물리),0000-1-9884-01,대학물리학2,,Y,,Y,,,,0 ,,교선,,주,3 ,3 ,박미은,토,99 ,,,,,,,,
355 ,공통,공통,공통,수리와자연(물리),0000-1-9884-02,대학물리학2,,Y,,Y,,,,0 ,,교선,,주,3 ,3 ,최홍,토,98 ,,,,,,,,
356 ,공통,공통,공통,수리와자연(물리),0000-1-9884-03,대학물리학2,,Y,,Y,,,,0 ,,교선,,주,3 ,3 ,임재용,토,97 ,,,,,,,,
357 ,공통,공통,공통,수리와자연(물리),0000-1-9884-04,대학물리학2,,Y,,Y,,,,,,교선,,주,3 ,3 ,김용철,토,96 ,,,,,,,,
358 ,공통,공통,공통,수리와자연(물리),0000-1-9884-05,대학물리학2,,Y,,Y,,,,,,교선,,주,3 ,3 ,김성현,토,95 ,,,,,,,,
359 ,공통,공통,공통,수리와자연(물리),0000-1-9884-06,대학물리학2,,Y,,Y,,,,,,교선,,주,3 ,3 ,,토,94 ,,,,,,,,
360 ,공통,공통,공통,수리와자연(물리),0000-1-9884-07,대학물리학2,,Y,,Y,,,,,,교선,,주,3 ,3 ,장우제,토,93 ,,,,,,,,
361 ,공통,공통,공통,과학과기술,0000-1-9885-01,생활속의생명과학,,,,,,,영어,50 ,,교선,,주,3 ,3 ,박봉주,금,"1,2",옥206,,,,,,,
362 ,공통,공통,공통,서울권역e-러닝계열,0000-1-9930-01,"화폐와금융의과거,현재그리고미래",,Y,,Y,,,,,,교선,,주,3 ,3 ,,토,30 ,,,,,,,,
363 ,공통,공통,공통,대학실용영어,0000-2-1079-01,영어회화2,,,,,,,영어,100 ,,교선,,주,3 ,3 ,에이미,월,3 ,기308,수,4 ,기308,,,,
364 ,공통,공통,공통,대학실용영어,0000-2-1079-02,영어회화2,,,,,,,,,,교선,,주,3 ,3 ,브라이언,화,2 ,기307,목,1 ,기307,,,,
365 ,공통,공통,공통,대학실용영어,0000-2-1079-03,영어회화2,,,,,,,영어,100 ,,교선,,주,3 ,3 ,에이미,화,3 ,기308,목,4 ,기308,,,,
366 ,공통,공통,공통,대학실용영어,0000-2-1079-04,영어회화2,,,,,,,영어,70 ,,교선,,주,3 ,3 ,고현아,월,5 ,한울203,수,6 ,한울203,,,,
367 ,공통,공통,공통,예술과체육,0000-2-2942-01,미술의이해,,,,,,,,,,교선,,주,3 ,3 ,김영찬,월,2 ,한울504,수,1 ,한울504,,,,
368 ,공통,공통,공통,예술과체육,0000-2-2968-01,한국의문화유산,,,,,,,,,,교선,,주,3 ,3 ,조시내,금,"1,2",한울411,,,,,,,
369 ,공통,공통,공통,예술과체육,0000-2-2968-02,한국의문화유산,Y,,,,,,,0 ,,교선,,주,3 ,3 ,김형근,월,1 ,한울B102,수,2 ,한울B102,,,,
370 ,공통,공통,공통,글로벌문화와제2외국어,0000-2-2977-01,생활한문,,,,,,,,0 ,,교선,,주,3 ,3 ,박혜순,월,6 ,비420,수,5 ,비420,,,,
371 ,공통,공통,공통,글로벌문화와제2외국어,0000-2-2977-02,생활한문,,,,,,,,,,교선,,주,3 ,3 ,김연주,화,4 ,비428,목,3 ,비428,,,,
372 ,공통,공통,공통,글로벌문화와제2외국어,0000-2-2977-03,생활한문,,,,,,,,0 ,,교선,,주,3 ,3 ,여봉수,화,6 ,기303,목,5 ,기303,,,,
373 ,공통,공통,공통,글로벌문화와제2외국어,0000-2-2977-04,생활한문,,,,,,,,0 ,,교선,,주,3 ,3 ,김홍구,금,"1,2",기303,,,,,,,
374 ,공통,공통,공통,글로벌문화와제2외국어,0000-2-2977-05,생활한문,,,,,,,,0 ,,교선,,주,3 ,3 ,안나미,월,5 ,비420,수,6 ,비420,,,,
375 ,공통,공통,공통,사회와경제,0000-2-2981-01,국가와행정,,,,,,,,,,교선,,주,3 ,3 ,서승현,금,"1,2",한울408,,,,,,,
376 ,공통,공통,공통,사회와경제,0000-2-2988-01,법과경제,,,,,,,,,,교선,,주,3 ,3 ,신주희,금,"3,4",한울B102,,,,,,,
377 ,공통,공통,공통,과학과기술,0000-2-2991-01,자연과학사,,,,,,,영어,50 ,,교선,,주,3 ,3 ,박봉주,금,"3,4",옥206,,,,,,,
378 ,공통,공통,공통,과학과기술,0000-2-2991-02,자연과학사,,,,,,,,0 ,,교선,,주,3 ,3 ,박경순,월,3 ,옥206,수,4 ,옥206,,,,
379 ,공통,공통,공통,과학과기술,0000-2-2994-01,환경과생태,,,,,,,,0 ,,교선,,주,3 ,3 ,김동수,금,"3,4",비427,,,,,,,
380 ,공통,공통,공통,사회와경제,0000-2-3008-01,조직과리더쉽,,,,,,,,0 ,,교선,,주,3 ,3 ,손주영,월,4 ,한울B101,수,3 ,한울B101,,,,
381 ,공통,공통,공통,사회와경제,0000-2-3008-02,조직과리더쉽,,,,,,,,0 ,,교선,,주,3 ,3 ,손주영,월,3 ,한울B101,수,4 ,한울B101,,,,
382 ,공통,공통,공통,과학과기술,0000-2-3029-01,인터넷활용,,,,,,,,0 ,,교선,,주,3 ,3 ,민영호,화,6 ,연202,목,5 ,연202,,,,
383 ,공통,공통,공통,과학과기술,0000-2-3029-02,인터넷활용,,,,,,,,0 ,,교선,,주,3 ,3 ,스레스터바누,금,"5,6",연202,,,,,,,
384 ,공통,공통,공통,과학과기술,0000-2-3298-01,모바일프로그래밍기초,,,,,,,,0 ,,교선,,주,3 ,3 ,문석재,금,"1,2",비513,,,,,,,
385 ,공통,공통,공통,사회와경제,0000-2-3537-01,[S-L]법과권리,,,,,,,,,,교선,,야,4 ,4 ,한재경,화,"7,8,9,10",한울404,,,,,,,
386 ,공통,공통,공통,사회와경제,0000-2-3645-01,법과정치,,,,,,,,0 ,,교선,,주,3 ,3 ,정영석,금,"1,2",한울B102,,,,,,,
387 ,공통,공통,공통,과학과기술,0000-2-3679-01,자바프로그래밍,,,,,,,,0 ,,교선,,주,3 ,3 ,문석재,금,"3,4",비513,,,,,,,로봇2학년
388 ,공통,공통,공통,인간과철학,0000-2-3932-01,한국근현대사,,,,,,,,,,교선,,주,3 ,3 ,김정권,월,1 ,한울B103,수,2 ,한울B103,,,,
389 ,공통,공통,공통,인간과철학,0000-2-3932-02,한국근현대사,,,,,,,,,,교선,,주,3 ,3 ,김정권,월,2 ,한울B103,수,1 ,한울B103,,,,
390 ,공통,공통,공통,인간과철학,0000-2-3933-01,예술철학으로의초대,,,,,,,,,,교선,,주,3 ,3 ,김수영,화,4 ,참202,목,3 ,참202,,,,
391 ,공통,공통,공통,인간과철학,0000-2-3937-01,동아시아국제관계사,,,,,,,,0 ,,교선,,주,3 ,3 ,유의상,금,"5,6",한울410,,,,,,,
392 ,공통,공통,공통,사회와경제,0000-2-3950-01,현대사회와인권,,,,,,,,0 ,,교선,,주,3 ,3 ,최현우,화,3 ,한울B102,목,4 ,한울B102,,,,
393 ,공통,공통,공통,과학과기술,0000-2-4100-01,실감미디어의이해,,Y,,Y,,,,0 ,,교선,,주,3 ,3 ,서영호,토,58 ,,,,,,,,
394 ,공통,공통,공통,외국어로서의한국어,0000-2-4122-01,인문사회한국어,Y,,,,,,,0 ,,교선,,주,3 ,3 ,이경수,화,3 ,한울404,목,4 ,한울404,,,,
395 ,공통,공통,공통,외국어로서의한국어,0000-2-4123-01,경영한국어,Y,,,,,,,0 ,,교선,,주,3 ,3 ,박지민,금,"5,6",한울B101,,,,,,,
396 ,공통,공통,공통,사회와경제,0000-2-4416-01,북한의이해와통일전략,,,,,,,,0 ,,교선,,주,3 ,3 ,손주영,화,"3,4",한울B101,,,,,,,
397 ,공통,공통,공통,예술과체육,0000-2-4417-01,재즈의역사,,,Y,,,,영어,100 ,,교선,,주,3 ,3 ,노정진,수,2 ,한울B104,,,,,,,
398 ,공통,공통,공통,글로벌문화와제2외국어,0000-2-4426-01,중국어HSK연습,,,,,,,중국어,50 ,,교선,,주,3 ,3 ,이명숙,금,"1,2",한울403,,,,,,,
399 ,공통,공통,공통,외국어로서의한국어,0000-2-4642-01,논리적글쓰기,Y,,,,,,,0 ,,교선,,주,3 ,3 ,이상일,수,"5,6",문119,,,,,,,
400 ,공통,공통,공통,외국어로서의한국어,0000-2-4642-02,논리적글쓰기,Y,,,,,,,0 ,,교선,,주,3 ,3 ,도옥루이엔,수,"3,4",문119,,,,,,,
401 ,공통,공통,공통,외국어로서의한국어,0000-2-4642-03,논리적글쓰기,Y,,,,,,,0 ,,교선,,주,3 ,3 ,오민수,수,"3,4",문120,,,,,,,
402 ,공통,공통,공통,외국어로서의한국어,0000-2-4642-04,논리적글쓰기,Y,,,,,,,0 ,,교선,,주,3 ,3 ,김연주,수,"5,6",문120,,,,,,,
403 ,공통,공통,공통,서울권역e-러닝계열,0000-2-4655-01,빅데이터시대의ESG트렌드,,Y,,Y,,,,,,교선,,주,3 ,3 ,,토,29 ,,,,,,,,
404 ,공통,공통,공통,서울권역e-러닝계열,0000-2-4656-01,언어의품격:언어바르고품위있게사용하기,,Y,,Y,,,,,,교선,,주,3 ,3 ,,토,28 ,,,,,,,,
405 ,공통,공통,공통,인간과철학,0000-2-4833-01,한국가족의역사와현재,,,Y,,,,,0 ,,교선,,주,3 ,3 ,김인호,월,3 ,한울305,,,,,,,
406 ,공통,공통,공통,사회와경제,0000-2-4834-01,한국사회와다문화이해,Y,,,,,,,,,교선,,주,3 ,3 ,홍성주,금,"3,4",한울B103,,,,,,,
407 ,공통,공통,공통,글로벌문화와제2외국어,0000-2-4921-01,JLPT연습,,,,,,,일본어,50 ,,교선,,주,3 ,3 ,권혁인,금,"5,6",한울404,,,,,,,
408 ,공통,공통,공통,예술과체육,0000-2-4925-01,현대사회와스포츠,,,,,,,,,,교선,,야,3 ,3 ,구송광,수,"7,8,9",비420,,,,,,,
409 ,공통,공통,공통,예술과체육,0000-2-4925-02,현대사회와스포츠,,,,,,,,0 ,,교선,,주,3 ,3 ,진지형,월,"3,4",비405,,,,,,,
410 ,공통,공통,공통,글로벌문화와제2외국어,0000-2-4932-01,스크린중국어,,,,,,,,,,교선,,주,3 ,3 ,박현곤,화,1 ,한울403,목,2 ,한울403,,,,
411 ,공통,공통,공통,수리와자연(수학),0000-2-4969-01,공학수학1,,,,,,,,0 ,,교선,,주,3 ,3 ,김민규,금,"5,6",화311,,,,,,,건축공학과 2학년
412 ,공통,공통,공통,수리와자연(수학),0000-2-4970-01,공학수학2,,,,,,,,0 ,,교선,,주,3 ,3 ,금교은,화,4 ,비409,목,3 ,비409,,,,전정대 2학년
413 ,공통,공통,공통,수리와자연(수학),0000-2-4970-02,공학수학2,,,,,,,,0 ,,교선,,주,3 ,3 ,박주희,금,"1,2",비402,,,,,,,전정대 2학년
414 ,공통,공통,공통,수리와자연(수학),0000-2-4970-03,공학수학2,,,,,,,,0 ,,교선,,주,3 ,3 ,안소영,금,"3,4",참202,,,,,,,전정대 2학년
415 ,공통,공통,공통,수리와자연(수학),0000-2-4970-04,공학수학2,,,,,,,,0 ,,교선,,주,3 ,3 ,윤미,화,6 ,비420,목,5 ,비420,,,,전정대 2학년
416 ,공통,공통,공통,수리와자연(수학),0000-2-4970-05,공학수학2,,,,,,,,,,교선,,주,3 ,3 ,,월,5 ,비402,수,6 ,비402,,,,전정대 2학년
417 ,공통,공통,공통,수리와자연(수학),0000-2-4970-07,공학수학2,,,,,,,,0 ,,교선,,주,3 ,3 ,이재승,화,4 ,비619,목,3 ,비619,,,,전자공학과 2학년
418 ,공통,공통,공통,수리와자연(수학),0000-2-4970-08,공학수학2,,,Y,,,,,0 ,,교선,,주,3 ,3 ,지정주,화,4 ,참B105,목,3 ,,,,,전자공학과 2학년
419 ,공통,공통,공통,수리와자연(수학),0000-2-4970-09,공학수학2,,,,,,,,0 ,,교선,,주,3 ,3 ,장주용,월,3 ,비618,수,4 ,비618,,,,전자통신공학과 2학년
420 ,공통,공통,공통,수리와자연(수학),0000-2-4970-10,공학수학2,,Y,,Y,,,,,,교선,,주,3 ,3 ,김정현,토,62 ,,,,,,,,전자융합공학과 2학년
421 ,공통,공통,공통,수리와자연(수학),0000-2-4970-11,공학수학2,,,,,,,,,,교선,,주,3 ,3 ,김애란,금,"5,6",비211,,,,,,,전기공학과 2학년
422 ,공통,공통,공통,수리와자연(수학),0000-2-4970-12,공학수학2,,,,,,,영어,100 ,,교선,,주,3 ,3 ,돌지,월,3 ,비402,수,4 ,비402,,,,반도체시스템공학부 2학년
423 ,공통,공통,공통,수리와자연(수학),0000-2-4970-13,공학수학2,,,,,,,,0 ,,교선,,주,3 ,3 ,신안숙,금,"1,2",비427,,,,,,,인융대 2학년
424 ,공통,공통,공통,수리와자연(수학),0000-2-4970-15,공학수학2,,,,,,,,,,교선,,주,3 ,3 ,이진석,화,3 ,비519,목,4 ,비519,,,,화학공학과 2학년
425 ,공통,공통,공통,과학과기술,0000-2-5031-01,머신러닝기초,,,,,,,,0 ,,교선,,주,3 ,3 ,서영호,화,4 ,비419,목,3 ,비513,,,,전자재료2학년
426 ,공통,공통,공통,예술과체육,0000-2-5061-01,클래식음악의역사,,Y,,Y,,,,,,교선,,주,3 ,3 ,조선낭,토,61 ,,,,,,,,
427 ,공통,공통,공통,예술과체육,0000-2-5061-02,클래식음악의역사,Y,Y,,Y,,,,,,교선,,주,3 ,3 ,조선낭,토,81 ,,,,,,,,
428 ,공통,공통,공통,대학실용영어,0000-2-5074-01,대학영문법2,,,,,,,,,,교선,,주,3 ,3 ,목승혜,화,4 ,비405,목,3 ,비405,,,,
429 ,공통,공통,공통,인간과철학,0000-2-5368-01,미국의과거와현재,,,,,,,,,,교선,,주,3 ,3 ,연동원,금,"3,4",비429,,,,,,,
430 ,공통,공통,공통,인간과철학,0000-2-5663-01,인물로본한국사,,,,,,,,0 ,,교선,,주,3 ,3 ,윤성재,금,"1,2",비519,,,,,,,
431 ,공통,공통,공통,인간과철학,0000-2-5663-02,인물로본한국사,Y,,,,,,,,,교선,,야,3 ,3 ,최봉준,수,"7,8,9",비519,,,,,,,
432 ,공통,공통,공통,예술과체육,0000-2-5680-01,판타지장르와미래학,,,,,,,,,,교선,,주,3 ,3 ,김건우,금,"5,6",한울504,,,,,,,
433 ,공통,공통,공통,글로벌문화와제2외국어,0000-2-5689-01,실용일본어문법,,,Y,,,,,0 ,,교선,,주,3 ,3 ,이승영,수,2 ,한울403,,,,,,,
434 ,공통,공통,공통,과학과기술,0000-2-5816-01,4차산업혁명과스마트기술,,,,,Y,,,0 ,,교선,,주,3 ,3 ,심선애,토,"5,6",옥206,,,,,,,
435 ,공통,공통,공통,대학실용영어,0000-2-5827-01,TOEIC말하기연습,,,,,,,,,,교선,,주,3 ,3 ,유수진,월,3 ,한울404,수,4 ,한울404,,,,
436 ,공통,공통,공통,대학실용영어,0000-2-5828-01,AI를활용한영어글쓰기,,,,,,,,0 ,,교선,,주,3 ,3 ,오경애,월,5 ,한울403,수,6 ,한울403,,,,
437 ,공통,공통,공통,대학실용영어,0000-2-5834-01,TOEIC RC 초급,,,,,,,영어,50 ,,교선,,주,3 ,3 ,김연정,월,1 ,한울404,수,2 ,한울404,,,,
438 ,공통,공통,공통,대학실용영어,0000-2-5836-01,영어통역2,,,,,,,,0 ,,교선,,주,3 ,3 ,박소현,월,2 ,옥207,수,1 ,옥207,,,,
439 ,공통,공통,공통,대학실용영어,0000-2-5837-01,TOEIC LC 중급,,,,,,,,0 ,,교선,,주,3 ,3 ,김경옥,화,1 ,한울504,목,2 ,한울504,,,,
440 ,공통,공통,공통,예술과체육,0000-2-5902-01,디자인과창의성,,,,,,,,0 ,,교선,,주,3 ,3 ,이보용,금,"1,2",한울405,,,,,,,
441 ,공통,공통,공통,예술과체육,0000-2-5919-01,융합콘텐츠작법,,,,,,,,0 ,,교선,,주,3 ,3 ,박은아,금,"3,4",한울405,,,,,,,
442 ,공통,공통,공통,과학과기술,0000-2-5925-01,공학과파이썬,,,,,,,,0 ,,교선,,주,3 ,3 ,민영호,화,4 ,연202,목,3 ,연202,,,,
443 ,공통,공통,공통,과학과기술,0000-2-5925-02,공학과파이썬,,,,,,,,0 ,,교선,,주,3 ,3 ,민영호,금,"1,2",연202,,,,,,,
444 ,공통,공통,공통,과학과기술,0000-2-5926-01,업무자동화와파이썬,,,,,,,,0 ,,교선,,주,3 ,3 ,이강성,월,1 ,연202,수,2 ,연202,,,,
445 ,공통,공통,공통,과학과기술,0000-2-5927-01,데이터분석과파이썬,,,Y,,,,,0 ,,교선,,주,3 ,3 ,이강성,월,2 ,연202,수,1 ,연202,,,,
446 ,공통,공통,공통,수리와자연(수학),0000-2-6020-01,자연교양심화세미나,,,,,,,,,,교선,,주,3 ,3 ,최종성,월,4 ,한울301,수,3 ,한울301,,,,
447 ,공통,공통,공통,글로벌문화와제2외국어,0000-2-6022-01,중국어커뮤니케이션,,,,,,,,,,교선,,주,3 ,3 ,김수정,월,5 ,한울305,수,6 ,한울305,,,,
448 ,공통,공통,공통,글로벌문화와제2외국어,0000-2-6023-01,실전일본어회화,,,,,,,,,,교선,,주,3 ,3 ,후지무라마이,화,6 ,한울203,목,5 ,한울203,,,,
449 ,공통,공통,공통,글로벌문화와제2외국어,0000-2-6023-02,실전일본어회화,,,,,,,,,,교선,,주,3 ,3 ,쿠도에리코,금,"3,4",한울308,,,,,,,
450 ,공통,공통,공통,사회와경제,0000-2-6048-01,경력개발프로그램(CDP),,,,,,,,0 ,,교선,,주,1 ,1 ,노정진,수,6 ,,,,,,,,
451 ,공통,공통,공통,예술과체육,0000-2-6059-01,실내악앙상블,,,,,,,,0 ,,교선,,주,3 ,3 ,연효정,화,"3,4",연1002,,,,,,,
452 ,공통,공통,공통,사회와경제,0000-2-6137-01,범죄와사회,,,,,,,,,,교선,,야,3 ,3 ,강희창,수,"8,9,10",한울403,,,,,,,
453 ,공통,공통,공통,서울권역e-러닝계열,0000-2-6237-01,음식과세계문화,,Y,,Y,,,,,,교선,,주,3 ,3 ,,토,27 ,,,,,,,,
454 ,공통,공통,공통,서울권역e-러닝계열,0000-2-6238-01,그린IT의이해,,Y,,Y,,,,,,교선,,주,3 ,3 ,,토,26 ,,,,,,,,
455 ,공통,공통,공통,,0000-2-6377-01,사회복지실천론,,,,,,,,,,일선,연필,주,3 ,3 ,김고은,수,"5,6",한울408,,,,,,,
456 ,공통,공통,공통,,0000-2-6378-01,지역사회복지론,,,,,,,,,,일선,연필,주,3 ,3 ,구지윤,화,"3,4",한울311,,,,,,,
457 ,공통,공통,공통,,0000-2-6397-01,범죄학,,,,,,,,0 ,,일선,연선,주,3 ,3 ,임용진,금,"3,4",한울310,,,,,,,
458 ,공통,공통,공통,기초학문융합,0000-2-6454-01,데이터과학을위한이산수학,,,Y,,,,,,,교선,,주,3 ,3 ,최윤철,월,3 ,한울204,,,,,,,
459 ,공통,공통,공통,글로벌문화와제2외국어,0000-2-6468-01,미디어일본어,,,,,,,,,,교선,,주,3 ,3 ,후지무라마이,화,5 ,한울203,목,6 ,한울203,,,,
460 ,공통,공통,공통,글로벌문화와제2외국어,0000-2-6468-02,미디어일본어,,,,,,,,0 ,,교선,,야,3 ,3 ,박현정,수,"7,8,9",한울203,,,,,,,
461 ,공통,공통,공통,대학실용영어,0000-2-6472-01,영화로보는미국문화,,,,,,,,0 ,,교선,,주,3 ,3 ,정지수,월,6 ,한울404,수,5 ,한울404,,,,
462 ,공통,공통,공통,글로벌문화와제2외국어,0000-2-6526-01,실용중국어문법,,,,,,,,0 ,,교선,,주,3 ,3 ,곡효운,월,4 ,한울405,수,3 ,한울405,,,,
463 ,공통,공통,공통,서울권역e-러닝계열,0000-2-6614-01,아이디어를현실로 - 바이브코딩,,Y,,Y,,,,,,교선,,주,3 ,3 ,,토,25 ,,,,,,,,
464 ,공통,공통,공통,,0000-2-6797-01,KW-VIP 2026-2,,,,,,,,,,일선,,주,2 ,2 ,최영석,토,80 ,,,,,,,,다학년다학기프로젝트 교과목
465 ,공통,공통,공통,,0000-2-6797-02,KW-VIP 2026-2,,,,,,,,0 ,,일선,,주,2 ,2 ,이도환,토,74 ,,,,,,,,다학년다학기프로젝트 교과목
466 ,공통,공통,공통,,0000-2-6797-03,KW-VIP 2026-2,,,,,,,,,,일선,,주,2 ,2 ,심동규,토,70 ,,,,,,,,다학년다학기프로젝트 교과목
467 ,공통,공통,공통,,0000-2-6797-04,KW-VIP 2026-2,,,,,,,,0 ,,일선,,주,2 ,2 ,유지현,토,64 ,,,,,,,,다학년다학기프로젝트 교과목
468 ,공통,공통,공통,,0000-2-6797-05,KW-VIP 2026-2,,,,,,,,,,일선,,주,2 ,2 ,박규동,토,50 ,,,,,,,,다학년다학기프로젝트 교과목
469 ,공통,공통,공통,,0000-2-6797-06,KW-VIP 2026-2,,,,,,,,0 ,,일선,,주,2 ,2 ,손희상,토,49 ,,,,,,,,다학년다학기프로젝트 교과목
470 ,공통,공통,공통,,0000-2-6797-07,KW-VIP 2026-2,,,,,,,,0 ,,일선,,주,2 ,2 ,이기원,토,48 ,,,,,,,,다학년다학기프로젝트 교과목
471 ,공통,공통,공통,,0000-2-6797-08,KW-VIP 2026-2,,,,,,,,,,일선,,주,2 ,2 ,김양래,토,47 ,,,,,,,,다학년다학기프로젝트 교과목
472 ,공통,공통,공통,,0000-2-6797-09,KW-VIP 2026-2,,,,,,,,0 ,,일선,,주,2 ,2 ,박석,토,46 ,,,,,,,,다학년다학기프로젝트 교과목
473 ,공통,공통,공통,,0000-2-6797-10,KW-VIP 2026-2,,,,,,,,,,일선,,주,2 ,2 ,이효근,토,44 ,,,,,,,,다학년다학기프로젝트 교과목
474 ,공통,공통,공통,,0000-2-6797-11,KW-VIP 2026-2,,,,,,,,0 ,,일선,,주,2 ,2 ,황동욱,토,43 ,,,,,,,,다학년다학기프로젝트 교과목
475 ,공통,공통,공통,서울권역e-러닝계열,0000-2-6825-01,4차산업혁명과인공지능:융합적분석과인문학적통찰,,Y,,Y,,,,,,교선,,주,3 ,3 ,,토,24 ,,,,,,,,
476 ,공통,공통,공통,예술과체육,0000-2-6948-01,대중음악의역사,,,,,,,,,,교선,,주,3 ,3 ,김철수,금,"1,2",한울B101,,,,,,,
477 ,공통,공통,공통,과학과기술,0000-2-6957-01,디지털사운드제작,,,,,,,,,,교선,,주,3 ,3 ,고병량,월,2 ,연201,수,1 ,연201,,,,
478 ,공통,공통,공통,과학과기술,0000-2-6957-02,디지털사운드제작,,,,,,,,,,교선,,주,3 ,3 ,고병량,월,1 ,연201,수,2 ,연201,,,,
479 ,공통,공통,공통,서울권역e-러닝계열,0000-2-6999-01,색채심리와현대생활,,Y,,Y,,,,,,교선,,주,3 ,3 ,김문석,토,53 ,,,,,,,,
480 ,공통,공통,공통,외국어로서의한국어,0000-2-7133-01,한국어발표와토론,Y,,,,,,,0 ,,교선,,주,3 ,3 ,소열녕,화,3 ,문119,목,4 ,문119,,,,
481 ,공통,공통,공통,외국어로서의한국어,0000-2-7133-02,한국어발표와토론,Y,,,,,,,0 ,,교선,,주,3 ,3 ,소열녕,화,4 ,문119,목,3 ,문119,,,,
482 ,공통,공통,공통,외국어로서의한국어,0000-2-7133-03,한국어발표와토론,Y,,,,,,,,,교선,,주,3 ,3 ,이명지,화,2 ,문120,목,1 ,문120,,,,
483 ,공통,공통,공통,외국어로서의한국어,0000-2-7133-04,한국어발표와토론,Y,,,,,,,0 ,,교선,,주,3 ,3 ,이경수,화,4 ,한울404,목,3 ,한울404,,,,
484 ,공통,공통,공통,서울권역e-러닝계열,0000-2-7473-01,성공하는문화콘텐츠소재개발전략,,Y,,Y,,,,,,교선,,주,3 ,3 ,,토,22 ,,,,,,,,
485 ,공통,공통,공통,서울권역e-러닝계열,0000-2-7476-01,전략적의사결정과문제해결,,Y,,Y,,,,0 ,,교선,,주,3 ,3 ,박종구,토,21 ,,,,,,,,
486 ,공통,공통,공통,수리와자연(수학),0000-2-7724-01,수학과철학의대화,,,,,,,,,,교선,,주,3 ,3 ,최종성,월,3 ,한울307,수,4 ,한울307,,,,
487 ,공통,공통,공통,사회와경제,0000-2-7726-01,자아의이해와문학치료,,,,,,,,0 ,,교선,,주,3 ,3 ,도기숙,화,"5,6",한울301,,,,,,,
488 ,공통,공통,공통,예술과체육,0000-2-7778-01,일러스트레이션,,,,,,,,0 ,,교선,,주,3 ,3 ,심재현,수,"5,6",한울202,,,,,,,
489 ,공통,공통,공통,예술과체육,0000-2-7778-02,일러스트레이션,,,,,,,,0 ,,교선,,주,3 ,3 ,윤지현,화,"5,6",한울202,,,,,,,
490 ,공통,공통,공통,수리와자연(수학),0000-2-8119-01,패러독스와논리,,,,,,,,,,교선,,주,3 ,3 ,최종성,화,4 ,한울305,목,3 ,한울305,,,,
491 ,공통,공통,공통,사회와경제,0000-2-8124-01,법논리학,,,Y,,,,,0 ,,교선,,주,3 ,3 ,이춘원,금,2 ,한울305,,,,,,,
492 ,공통,공통,공통,사회와경제,0000-2-8585-01,지구적으로생각하고지역적으로실천하기,,,,,,,,0 ,,교선,,주,3 ,3 ,최현우,화,4 ,한울B103,목,3 ,한울B103,,,,
493 ,공통,공통,공통,사회와경제,0000-2-8586-01,21세기동아시아사회의이해,,,,,,,,0 ,,교선,,주,3 ,3 ,이남겸,월,4 ,비420,수,3 ,비420,,,,
494 ,공통,공통,공통,사회와경제,0000-2-8587-01,현대한국사회의문제와해법,,,,,,,,,,교선,,야,3 ,3 ,김정권,수,"7,8,9",한울B103,,,,,,,
495 ,공통,공통,공통,사회와경제,0000-2-8588-01,탈성장시대의사회와경제,,,,,,,,,,교선,,야,3 ,3 ,김일식,수,"7,8,9",한울311,,,,,,,
496 ,공통,공통,공통,글로벌문화와제2외국어,0000-2-8653-01,중국문화지리,,,,,,,,0 ,,교선,,주,3 ,3 ,곡효운,수,"1,2",한울405,,,,,,,
497 ,공통,공통,공통,사회와경제,0000-2-8834-01,법과권리,,,,,,,,,,교선,,주,3 ,3 ,한재경,월,3 ,한울B102,수,4 ,한울B102,,,,
498 ,공통,공통,공통,사회와경제,0000-2-8834-03,법과권리,,,,,Y,,,,,교선,,주,3 ,3 ,한재경,토,"1,2",한울B102,,,,,,,
499 ,공통,공통,공통,서울권역e-러닝계열,0000-2-9266-01,채움과비움:나이듦의인문학적이해,,Y,,Y,,,,,,교선,,주,3 ,3 ,,토,20 ,,,,,,,,
500 ,공통,공통,공통,,0000-2-9437-01,OTT컨텐츠제작,,,,,,,,0 ,,일선,연선,주,3 ,3 ,이희대,목,"5,6",한울104,,,,,,,
501 ,공통,공통,공통,,0000-2-9468-01,컨셉아트웍디자인,,,,,,,,0 ,,일선,연선,주,3 ,4 ,이보용,금,"4,5,6",한울104,,,,,,,
502 ,공통,공통,공통,서울권역e-러닝계열,0000-2-9470-01,현대사회와신소재,,Y,,Y,,,,,,교선,,주,3 ,3 ,손희상,토,19 ,,,,,,,,
503 ,공통,공통,공통,인간과철학,0000-2-9742-01,글로벌시대의종교와문화,Y,,,,,,,,,교선,,주,3 ,3 ,박정우,금,"1,2",비409,,,,,,,
504 ,공통,공통,공통,인간과철학,0000-2-9742-02,글로벌시대의종교와문화,Y,,,,,,,,,교선,,주,3 ,3 ,박정우,금,"5,6",비409,,,,,,,
505 ,공통,공통,공통,사회와경제,0000-2-9744-01,미디어활용과생활,,,,,,,,,,교선,,주,3 ,3 ,김해린,화,5 ,비517,목,6 ,비517,,,,
506 ,공통,공통,공통,수리와자연(수학),0000-3-0819-01,선형대수학,,,,,,,,0 ,,교선,,주,3 ,3 ,김영희,월,1 ,한울203,수,2 ,한울203,,,,전자공학과 2학년
507 ,공통,공통,공통,수리와자연(수학),0000-3-0819-02,선형대수학,,,,,,,영어,50 ,,교선,,주,3 ,3 ,김상목,월,5 ,비405,수,6 ,비405,,,,전자공학과 2학년
508 ,공통,공통,공통,수리와자연(수학),0000-3-0819-04,선형대수학,,Y,,Y,,,,0 ,,교선,,주,3 ,3 ,이강훈,월,4 ,,,,,,,,소프트웨어학부 2학년
509 ,공통,공통,공통,수리와자연(수학),0000-3-0819-05,선형대수학,,Y,,Y,,,영어,50 ,,교선,,주,3 ,3 ,문승현,금,5 ,,,,,,,,소프트웨어학부 2학년
510 ,공통,공통,공통,대학실용영어,0000-3-0910-01,시사영어,,,,,,,영어,70 ,,교선,,주,3 ,3 ,고현아,월,3 ,한울203,수,4 ,한울203,,,,
511 ,공통,공통,공통,기초학문융합,0000-3-1879-01,현대사상의이해,,,,,,,,,,교선,,주,3 ,3 ,남성일,화,3 ,참202,목,4 ,참202,,,,
512 ,공통,공통,공통,수리와자연(수학),0000-3-1942-01,확률및통계,,,,,,,,,,교선,,주,3 ,3 ,김계완,화,3 ,비409,목,4 ,비409,,,,로봇학부 3학년
513 ,공통,공통,공통,수리와자연(수학),0000-3-1942-02,확률및통계,,,,,,,영어,70 ,A2,교선,,주,3 ,3 ,김태균,화,2 ,옥204,목,1 ,옥204,,,,건축공학과 1학년
514 ,공통,공통,공통,과학과기술,0000-3-2997-01,산업화와환경오염,,,,,,,,0 ,,교선,,주,3 ,3 ,황윤성,금,"3,4",비519,,,,,,,
515 ,공통,공통,공통,과학과기술,0000-3-2997-02,산업화와환경오염,,,,,,,영어,100 ,,교선,,주,3 ,3 ,코두루,화,4 ,비519,목,3 ,비519,,,,
516 ,공통,공통,공통,예술과체육,0000-3-3200-01,운동과건강,,,,,,,,,,교선,,주,3 ,3 ,최규현,수,"5,6",한울B101,,,,,,,
517 ,공통,공통,공통,예술과체육,0000-3-3200-02,운동과건강,,,,,,,,0 ,,교선,,주,3 ,3 ,김희재,화,"1,2",한울B101,,,,,,,
518 ,공통,공통,공통,예술과체육,0000-3-3200-03,운동과건강,,,,,,,,,,교선,,야,3 ,3 ,안병택,금,"7,8,9",한울B103,,,,,,,
519 ,공통,공통,공통,예술과체육,0000-3-3200-04,운동과건강,,,,,Y,,,0 ,,교선,,주,3 ,3 ,정문용,토,"3,4",한울B103,,,,,,,
520 ,공통,공통,공통,사회와경제,0000-3-3240-01,취업전략,Y,,,,,,,,,교선,,주,2 ,2 ,전상욱,월,"3,4",한울B103,,,,,,,
521 ,공통,공통,공통,,0000-3-3294-01,미디어스타트업비즈니스,,,,,,,,0 ,,일선,연선,주,3 ,3 ,이희대,목,"1,2",한울411,,,,,,,
522 ,공통,공통,공통,기초학문융합,0000-3-3924-01,자본주의역사,,,,,,,,0 ,,교선,,주,3 ,3 ,임경석,월,5 ,비517,수,6 ,비517,,,,
523 ,공통,공통,공통,예술과체육,0000-3-3934-01,포스트모더니즘의이해,,,,,,,,0 ,,교선,,주,3 ,3 ,한윤희,금,"1,2",참103,,,,,,,
524 ,공통,공통,공통,대학실용영어,0000-3-4106-01,OPIc연습,,,,,,,,0 ,,교선,,주,3 ,3 ,오경애,월,6 ,한울403,수,5 ,한울403,,,,
525 ,공통,공통,공통,대학실용영어,0000-3-4106-02,OPIc연습,,,,,,,영어,50 ,,교선,,주,3 ,3 ,최정윤,월,3 ,참103,수,4 ,참103,,,,
526 ,공통,공통,공통,기초학문융합,0000-3-4835-01,동아시아경제와사회문화의이해,,,,,,,,0 ,,교선,,주,3 ,3 ,이남겸,월,3 ,비420,수,4 ,비420,,,,
527 ,공통,공통,공통,사회와경제,0000-3-4836-01,생활속의인권과소수자보호,,,,,,,,0 ,,교선,,주,3 ,3 ,손상식,화,4 ,한울203,목,3 ,한울203,,,,
528 ,공통,공통,공통,기초학문융합,0000-3-5657-01,예술작품속의동양사상,,,,,,,,0 ,,교선,,주,3 ,3 ,이재복,화,3 ,비421,목,4 ,비421,,,,
529 ,공통,공통,공통,예술과체육,0000-3-5682-01,생활속의디자인,,Y,,Y,,,,0 ,,교선,,주,3 ,3 ,김문석,토,63 ,,,,,,,,
530 ,공통,공통,공통,기초학문융합,0000-3-5765-01,미디어아트,,,,,,,,,,교선,,주,3 ,3 ,이상민,월,4 ,연204,수,3 ,연204,,,,
531 ,공통,공통,공통,사회와경제,0000-3-5822-01,관계·소통·자기이해,,,Y,,,,,0 ,,교선,,주,3 ,3 ,도기숙,화,4 ,한울504,,,,,,,
532 ,공통,공통,공통,대학실용영어,0000-3-5830-01,TOEIC RC 중급,,,,,,,,0 ,,교선,,주,3 ,3 ,이종국,월,1 ,옥207,수,2 ,옥207,,,,
533 ,공통,공통,공통,대학실용영어,0000-3-5838-01,영어로보는한국사회,,,,,,,영어,50 ,,교선,,주,3 ,3 ,김연정,월,5 ,한울311,수,6 ,한울311,,,,
534 ,공통,공통,공통,대학실용영어,0000-3-5841-01,시사경제영어번역,,,,,,,,0 ,,교선,,주,3 ,3 ,김경옥,화,2 ,한울504,목,1 ,한울504,,,,
535 ,공통,공통,공통,대학실용영어,0000-3-5841-02,시사경제영어번역,,,,,,,,0 ,,교선,,주,3 ,3 ,류병율,화,1 ,기307,목,2 ,기307,,,,
536 ,공통,공통,공통,,0000-3-5946-01,생성형AI와빅데이터,,,,,,,,0 ,,일선,연선,주,3 ,3 ,이청호,수,"5,6",한울310,,,,,,,
537 ,공통,공통,공통,,0000-3-5953-01,노인복지론,,,,,,,,,,일선,연필,주,3 ,3 ,김순자,목,"5,6",한울310,,,,,,,
538 ,공통,공통,공통,,0000-3-6379-01,사회복지실천기술론,,,,,,,,,,일선,연필,주,3 ,3 ,김성연,목,"3,4",한울311,,,,,,,
539 ,공통,공통,공통,,0000-3-6396-01,범죄예방론,,,,,,,,0 ,,일선,연선,주,3 ,3 ,김미숙,금,"1,2",한울310,,,,,,,
540 ,공통,공통,공통,기초학문융합,0000-3-6456-01,20세기한일미술교류사,,,,,,,,,,교선,,주,3 ,3 ,후지무라마이,월,"3,4",한울311,,,,,,,
541 ,공통,공통,공통,기초학문융합,0000-3-6457-01,문학과미술속음악이야기,,,,,,,,0 ,,교선,,주,3 ,3 ,공정원,금,"3,4",비419,,,,,,,
542 ,공통,공통,공통,과학과기술,0000-3-6467-01,기술창업과사업전략,,,,,,,,0 ,,교선,,야,3 ,3 ,손희상,수,"7,8,9",비405,,,,,,,창업 교과목
543 ,공통,공통,공통,기초학문융합,0000-3-6516-01,우리시대의삶과문학,,,,,,,,,,교선,,주,3 ,3 ,김미정,금,"3,4",한울204,,,,,,,
544 ,공통,공통,공통,기초학문융합,0000-3-6517-01,르네상스문화와과학,,,,,,,,0 ,,교선,,주,3 ,3 ,차승현,월,2 ,비519,수,1 ,비519,,,,
545 ,공통,공통,공통,,0000-3-6798-01,AI및빅데이터응용확률과통계입문,,,,,,,,,,일선,연선,주,3 ,3 ,김운,월,"5,6",한울204,,,,,,,
546 ,공통,공통,공통,기초학문융합,0000-3-7728-01,디지털사회를위한데이터분석,,,,,,,,0 ,,교선,,주,3 ,3 ,민영호,화,5 ,한울403,목,6 ,한울403,,,,
547 ,공통,공통,공통,기초학문융합,0000-3-8120-01,정보사회와수학,,,Y,,,,,0 ,,교선,,주,3 ,3 ,김영희,수,4 ,한울305,,,,,,,
548 ,공통,공통,공통,대학실용영어,0000-3-8596-01,영미문화읽기,,,,,,,,0 ,,교선,,주,3 ,3 ,고현아,금,"3,4",한울504,,,,,,,
549 ,공통,공통,공통,대학실용영어,0000-3-8596-02,영미문화읽기,,,,,,,,0 ,,교선,,주,3 ,3 ,정지수,월,4 ,한울203,수,3 ,한울203,,,,
550 ,공통,공통,공통,대학실용영어,0000-3-8600-01,영어연극연습,,,,,,,,,,교선,,주,3 ,3 ,방승희,화,5 ,비402,목,6 ,비402,,,,
551 ,공통,공통,공통,,0000-3-8825-01,영상문법,,,,,,,,0 ,,일선,연선,주,3 ,3 ,강성률,수,"3,4",한울204,,,,,,,
552 ,공통,공통,공통,사회와경제,0000-3-9448-01,스타트업과고객발굴전략,,,,,,,,,,교선,,주,3 ,3 ,이경학,수,"5,6",기305,,,,,,,창업 교과목
553 ,공통,공통,공통,,0000-3-9747-01,안전및조직관리사례연구,,,,,,,,,,무관,,주,3 ,4 ,,,,,,,,,,,군사학 교과목
554 ,공통,공통,공통,,0000-4-2424-01,사회복지법제와실천,,,,,,,,0 ,,일선,연필,주,3 ,3 ,정진경,수,"1,2",한울408,,,,,,,
555 ,공통,공통,공통,,0000-4-3518-01,사례관리론,,,,,,,,,,일선,연필,주,3 ,3 ,배영미,월,"3,4",기301,,,,,,,
556 ,공통,공통,공통,대학실용영어,0000-4-4109-01,비지니스영작문,,,,,,,,,,교선,,주,3 ,3 ,김재량,화,2 ,한울405,목,1 ,한울405,,,,
557 ,공통,공통,공통,대학실용영어,0000-4-5826-01,비판적사고와영어2,,,,,,,,,,교선,,주,3 ,3 ,이현경,화,6 ,비405,목,5 ,비405,,,,
558 ,공통,공통,공통,대학실용영어,0000-4-5844-01,영어로보는한국철학,,,,,,,,,,교선,,주,3 ,3 ,브라이언,화,4 ,기307,목,3 ,기307,,,,
559 ,공통,공통,공통,,0000-4-6326-01,디지털시대의행동변화코칭,,,Y,,,,,,,일선,연선,주,3 ,3 ,하규영,월,2 ,한울410,수,1 ,한울410,,,,
560 ,공통,공통,공통,기초학문융합,0000-4-6459-01,움직이는인간의이해,,,,,,,,,,교선,,주,3 ,3 ,이효근,화,"3,4",참103,,,,,,,
561 ,공통,공통,공통,대학실용영어,0000-4-6466-01,이공계영어,,,,,,,,0 ,,교선,,주,3 ,3 ,한이슬,화,4 ,비402,목,3 ,비402,,,,
562 ,공통,공통,공통,과학과기술,0000-4-7462-01,예술과과학의융합,,,,,,,,,,교선,,주,3 ,3 ,이상민,월,3 ,참203,수,4 ,참203,,,,
563 ,공통,공통,공통,,0000-4-9748-01,조직리더십사례연구,,,,,,,,,,무관,,주,3 ,4 ,,,,,,,,,,,군사학 교과목
564 ,공과대학,공통,공통,,1000-2-8584-01,창업프로세스와지식재산권,,,,,,,,,,전선,,주,3 ,3 ,이경학,화,"5,6",기304,,,,,,,창업 교과목
565 ,공과대학,공통,공통,,1000-3-3270-01,전자및에너지재료공학,,,,,,,,0 ,,전선,,야,3 ,3 ,임휘윤,화,"7,8,9",비714,,,,,,,
566 ,공과대학,공통,공통,,1000-3-3766-01,신소재의원리와응용,Y,Y,,,,,영어,100 ,,전선,,야,3 ,3 ,손희상,월,"7,8,9",비714,,,,,,,
567 ,공과대학,화학공학과,공통,,1140-1-2957-01,공학설계입문,,,,,,,,0 ,"K1,K2",전선,,주,3 ,3 ,김영훈,월,6 ,참101,수,5 ,참101,,,,
568 ,공과대학,화학공학과,공통,,1140-2-0586-01,물리화학,,,,,,,,,,전선,,주,3 ,3 ,,월,2 ,참101,수,1 ,참101,,,,
569 ,공과대학,화학공학과,공통,,1140-2-1136-01,유기화학2,,,,,,,,0 ,,전선,,주,3 ,3 ,이기원,월,5 ,참B107,수,6 ,참B107,,,,
570 ,공과대학,화학공학과,공통,,1140-2-1234-01,진로탐색및설계,,Y,,Y,,,,0 ,,전선,,야,1 ,2 ,박세규,수,"7,8",,,,,,,,
571 ,공과대학,화학공학과,공통,,1140-2-1266-01,재료공학,,,,,,,,0 ,,전선,,주,3 ,3 ,손희상,월,4 ,비714,수,3 ,비714,,,,
572 ,공과대학,화학공학과,공통,,1140-2-2875-01,생명공학,,,,,,,,0 ,,전선,,주,3 ,3 ,이택,금,"3,4",비409,,,,,,,
573 ,공과대학,화학공학과,공통,,1140-2-4941-01,화공기초이론및실험2,,,,,,,,0 ,,전필,,주,3 ,4 ,박철환,화,"0,1,2",비331,,,,,,,
574 ,공과대학,화학공학과,공통,,1140-2-4941-02,화공기초이론및실험2,,,,,,,,0 ,,전필,,주,3 ,4 ,김영훈,목,"0,1,2",비331,,,,,,,
575 ,공과대학,화학공학과,공통,,1140-2-4941-03,화공기초이론및실험2,,,,,,,,0 ,,전필,,주,3 ,4 ,박세규,금,"0,1,2",비331,,,,,,,
576 ,공과대학,화학공학과,공통,,1140-3-0213-01,공정제어,,,,,,,,,,전선,,주,3 ,3 ,이진석,화,4 ,비421,목,3 ,비421,,,,
577 ,공과대학,화학공학과,공통,,1140-3-1914-01,화공열역학,,,,,,,,0 ,,전선,,주,3 ,3 ,김영훈,월,5 ,참101,수,6 ,참101,,,,
578 ,공과대학,화학공학과,공통,,1140-3-2009-01,열전달,,,,,,,,,,전선,,주,3 ,3 ,,월,4 ,참101,수,3 ,참101,,,,
579 ,공과대학,화학공학과,공통,,1140-3-2272-01,전기화학공학,,,,,,,,0 ,,전선,,주,3 ,3 ,박세규,금,"3,4",비714,,,,,,,
580 ,공과대학,화학공학과,공통,,1140-3-4030-01,표면반응공학,,,Y,,,,,0 ,,전선,,야,3 ,3 ,손희상,목,"7,8,9",비714,,,,,,,
581 ,공과대학,화학공학과,공통,,1140-3-4942-01,단위조작이론및실험2,,,,,,,,0 ,,전필,,주,3 ,4 ,손희상,화,"0,1,2",비220,,,,,,,
582 ,공과대학,화학공학과,공통,,1140-3-4942-02,단위조작이론및실험2,,,,,,,,,,전필,,주,3 ,4 ,,목,"0,1,2",비220,,,,,,,
583 ,공과대학,화학공학과,공통,,1140-3-4942-03,단위조작이론및실험2,,,,,,,,0 ,,전필,,주,3 ,4 ,이택,금,"0,1,2",비220,,,,,,,
584 ,공과대학,화학공학과,공통,,1140-3-5480-01,산업생물공학,,,,,,,,0 ,,전선,,주,3 ,3 ,유하영,월,"6,7,8",참202,,,,,,,
585 ,공과대학,화학공학과,공통,,1140-3-9721-01,캡스톤설계기초,,,,,,,,0 ,,전선,,주,3 ,3 ,박철환,화,"5,6",참101,,,,,,,
586 ,공과대학,화학공학과,공통,,1140-4-5742-01,유기전자공학,,,,,,,,0 ,,전선,,주,3 ,3 ,이기원,월,4 ,비429,수,3 ,비429,,,,
587 ,공과대학,화학공학과,공통,,1140-4-9176-01,분리공정,,,Y,,,,,0 ,,전선,,주,3 ,3 ,박세규,금,"5,6",비714,,,,,,,
588 ,공과대학,화학공학과,공통,,1140-4-9177-01,고분자공정이론및실험,,,,,,,,0 ,,전선,,주,3 ,4 ,이기원,화,"5,6,7",비331,,,,,,,
589 ,공과대학,화학공학과,공통,,1140-4-9177-02,고분자공정이론및실험,,,,,,,,,,전선,,주,3 ,4 ,,목,"5,6,7",비331,,,,,,,
590 ,공과대학,환경공학과,공통,,1160-2-1234-01,진로탐색및설계,,Y,,Y,,,,,,전선,,야,1 ,2 ,장민,월,"7,8",,,,,,,,
591 ,공과대학,환경공학과,공통,,1160-2-1960-01,환경유기화학,,,,,,,,,,전선,,주,3 ,3 ,장민,월,"5,6",비401,,,,,,,
592 ,공과대학,환경공학과,공통,,1160-2-3131-01,환경반응공학,,,,,,,,,,전선,,주,3 ,3 ,,화,3 ,비401,목,4 ,비401,,,,
593 ,공과대학,환경공학과,공통,,1160-2-5486-01,환경기초실험,,,,,,,,0 ,,전선,,주,3 ,4 ,양재규,화,"5,6,7",비421,,,,,,,
594 ,공과대학,환경공학과,공통,,1160-2-8494-01,환경전산프로그래밍및실습,,,,,,,,,,전선,,주,3 ,3 ,강효선,금,"3,4",비428,,,,,,,
595 ,공과대학,환경공학과,공통,,1160-2-8495-01,환경경제학,,,,,,,,0 ,,전선,,주,3 ,3 ,강선홍,월,3 ,비714,수,4 ,비714,,,,
596 ,공과대학,환경공학과,공통,,1160-3-0404-01,대기오염방지시설설계,,,,,,,,,,전선,,주,3 ,3 ,유경선,화,3 ,비714,목,4 ,비714,,,,
597 ,공과대학,환경공학과,공통,,1160-3-2750-01,오염토양정화기술,,,,,,,,0 ,,전필,,주,3 ,3 ,김용현,금,"3,4",비401,,,,,,,
598 ,공과대학,환경공학과,공통,,1160-3-4662-01,폐기물처리공학,,,,,,,,0 ,,전필,,주,3 ,3 ,양재규,월,3 ,비401,수,4 ,비401,,,,
599 ,공과대학,환경공학과,공통,,1160-3-5018-01,생물학적수처리,,,,,,,,0 ,,전필,,주,3 ,3 ,강선홍,월,4 ,비401,수,3 ,비401,,,,
600 ,공과대학,환경공학과,공통,,1160-3-5020-01,환경공정실험,,,,,,,,0 ,,전선,,주,3 ,4 ,최유림,목,"5,6,7",비314,,,,,,,
601 ,공과대학,환경공학과,공통,,1160-3-5694-01,경력개발과취업전략,,,,,,,,,,전선,,주,2 ,2 ,장민,수,"6,7",비714,,,,,,,
602 ,공과대학,환경공학과,공통,,1160-3-8497-01,환경플랜트실무,,,,,,,,0 ,,전선,,주,3 ,3 ,조성택,금,"6,7,8",비401,,,,,,,
603 ,공과대학,환경공학과,공통,,1160-4-4163-01,캡스톤설계,,,,,,,,,,전선,,주,3 ,3 ,장민,화,"5,6",비401,,,,,,,
604 ,공과대학,환경공학과,공통,,1160-4-6314-01,환경재료공학,,,,,,,영어,100 ,,전선,,주,3 ,3 ,코두루,월,4 ,비428,수,3 ,비428,,,,
605 ,공과대학,환경공학과,공통,,1160-4-8500-01,환경Issue발표및연습,,,,,,,,,,전선,,주,3 ,3 ,윤소연,목,"5,6",비401,,,,,,,
606 ,공과대학,건축공학과,공통,,1170-1-2957-01,공학설계입문,,,,,,,,0 ,A2,전선,,주,3 ,3 ,김지혜,월,"5,6",참1009,,,,,,,
607 ,공과대학,건축공학과,공통,,1170-2-0052-01,건설공법및실습,,,,,,,,0 ,,전선,,주,3 ,4 ,유정호,목,"5,6,7",화311,,,,,,,
608 ,공과대학,건축공학과,공통,,1170-2-0277-01,구조역학2,,,,,,,,0 ,,전선,,주,3 ,4 ,양원직,화,"1,2,3",참101,,,,,,,
609 ,공과대학,건축공학과,공통,,1170-2-1234-01,진로탐색및설계,,Y,,Y,,,,0 ,,전선,,주,1 ,2 ,양원직,목,"1,2",,,,,,,,
610 ,공과대학,건축공학과,공통,,1170-2-2056-01,건축환경2,,,Y,,,,,0 ,,전필,,주,3 ,3 ,김지혜,수,3 ,화304,,,,,,,
611 ,공과대학,건축공학과,공통,,1170-2-3859-01,건축사,,,,,,,,,,전선,,주,3 ,3 ,최순용,금,"3,4",화311,,,,,,,
612 ,공과대학,건축공학과,공통,,1170-2-5726-01,건축설계및도서작성,,,,,,,,,,전선,,주,3 ,6 ,,화,"5,6,7,9",화409,,,,,,,
613 ,공과대학,건축공학과,공통,,1170-2-5726-02,건축설계및도서작성,,,,,,,,,,전선,,주,3 ,6 ,김학수,화,"5,6,7,9",화410,,,,,,,
614 ,공과대학,건축공학과,공통,,1170-2-5726-03,건축설계및도서작성,,,,,,,,,,전선,,주,3 ,6 ,양재석,화,"5,6,7,9",화304,,,,,,,
615 ,공과대학,건축공학과,공통,,1170-3-1591-01,철골구조,,,,,,,,,,전필,,주,3 ,3 ,김재요,월,"3,4",화311,,,,,,,
616 ,공과대학,건축공학과,공통,,1170-3-2928-01,철근콘크리트구조2,,,,,,,,0 ,,전선,,주,3 ,3 ,양원직,목,"3,4",참101,,,,,,,
617 ,공과대학,건축공학과,공통,,1170-3-3550-01,건축환경조절시스템,,,,,,,,0 ,,전선,,주,3 ,4 ,김지혜,화,"5,6,7",화411,,,,,,,
618 ,공과대학,건축공학과,공통,,1170-3-3551-01,건축설비2,,,,,,,,0 ,,전선,,주,3 ,3 ,최창호,월,"1,2",화311,,,,,,,
619 ,공과대학,건축공학과,공통,,1170-3-3555-01,건축공정관리,,,,,,,,0 ,,전선,,주,3 ,3 ,김창덕,월,"5,6",비714,,,,,,,
620 ,공과대학,건축공학과,공통,,1170-3-4504-01,건설프로젝트파이낸싱,,,Y,,,,,0 ,,전선,,주,3 ,3 ,이슬기,수,2 ,화311,,,,,,,
621 ,공과대학,건축공학과,공통,,1170-3-5014-01,건축실무,,,,,,,,0 ,,전선,,주,3 ,4 ,유정호,수,"5,6,7",화411,,,,,,,
622 ,공과대학,건축공학과,공통,,1170-3-9173-01,BIM,,,,,,,,0 ,,전선,,주,3 ,4 ,이슬기,금,"1,2,3",연205,,,,,,,
623 ,공과대학,건축공학과,공통,,1170-4-9174-01,건축종합논문,,,,,,,,0 ,,전선,,주,3 ,4 ,최창호,화,"3,4,5",화311,,,,,,,
624 ,공과대학,건축학과,공통,,1270-1-3699-01,기초설계2,,,,,,,,,A1,전필,,주,6 ,10 ,조성용,월,"3,4,5,6",화418,목,"3,4,5,6",화418,,,,
625 ,공과대학,건축학과,공통,,1270-1-3699-02,기초설계2,,,,,,,,0 ,A1,전필,,주,6 ,10 ,신용기,월,"3,4,5,6",화418,목,"3,4,5,6",화418,,,,
626 ,공과대학,건축학과,공통,,1270-1-3699-03,기초설계2,,,,,,,,,A1,전필,,주,6 ,10 ,고진혁,월,"3,4,5,6",화418,목,"3,4,5,6",화418,,,,
627 ,공과대학,건축학과,공통,,1270-1-3837-01,다차원디지털디자인,,,,,,,,,A1,전필,,주,3 ,3 ,이상희,수,"3,4",연108,,,,,,,
628 ,공과대학,건축학과,공통,,1270-1-3838-01,주거론,,,,,,,,0 ,A1,전필,,주,3 ,3 ,김진모,화,"3,4",화304,,,,,,,
629 ,공과대학,건축학과,공통,,1270-1-7830-01,건축표현기법,,,,,,,,0 ,A1,전선,,주,3 ,3 ,채철균,화,"1,2",화413,,,,,,,
630 ,공과대학,건축학과,공통,,1270-2-0067-01,건축법규,,,,,,,,,,전필,,주,3 ,3 ,류종미,금,"1,2",참105,,,,,,,
631 ,공과대학,건축학과,공통,,1270-2-0069-01,건축설계2,,,,,,,,0 ,,전필,,주,6 ,10 ,김진모,월,"3,4,5,6",화418,목,"3,4,5,6",화418,,,,
632 ,공과대학,건축학과,공통,,1270-2-0069-02,건축설계2,,,,,,,,,,전필,,주,6 ,10 ,장세환,월,"3,4,5,6",화418,목,"3,4,5,6",화418,,,,
633 ,공과대학,건축학과,공통,,1270-2-0069-03,건축설계2,,,,,,,,0 ,,전필,,주,6 ,10 ,김진수,월,"3,4,5,6",화418,목,"3,4,5,6",화418,,,,
634 ,공과대학,건축학과,공통,,1270-2-0275-01,구조역학,,,,,,,,0 ,,전필,,주,3 ,3 ,양원직,수,"1,2",참105,,,,,,,
635 ,공과대학,건축학과,공통,,1270-2-3722-01,근현대건축론,,,,,,,,,,전선,,주,3 ,3 ,서유진,수,"3,4",화403,,,,,,,
636 ,공과대학,건축학과,공통,,1270-3-1783-01,한국건축사,,,,,,,,0 ,,전필,,주,3 ,3 ,차주환,화,"1,2",화304,,,,,,,
637 ,공과대학,건축학과,공통,,1270-3-2011-01,건축설계4,,,,,,,,0 ,,전필,,주,6 ,10 ,채철균,월,"3,4,5,6",화418,목,"3,4,5,6",화418,,,,
638 ,공과대학,건축학과,공통,,1270-3-2011-02,건축설계4,,,,,,,,0 ,,전필,,주,6 ,10 ,박열,월,"3,4,5,6",화418,목,"3,4,5,6",화418,,,,
639 ,공과대학,건축학과,공통,,1270-3-2011-03,건축설계4,,,,,,,,,,전필,,주,6 ,10 ,최재혁,월,"3,4,5,6",화418,목,"3,4,5,6",화418,,,,
640 ,공과대학,건축학과,공통,,1270-3-3719-01,디지털패브릭케이션,,,,,,,,,,전선,,주,3 ,3 ,신해철,금,"1,2",연108,,,,,,,
641 ,공과대학,건축학과,공통,,1270-3-4550-01,건축시공,,,,,,,,,,전필,,주,3 ,3 ,윤창복,목,"4,5",화413,,,,,,,
642 ,공과대학,건축학과,공통,,1270-3-7734-01,건축과사회문화,,,,,,,,,,전선,,주,3 ,3 ,조성용,화,"5,6",화413,,,,,,,
643 ,공과대학,건축학과,공통,,1270-4-0071-01,건축설비,,,,,,,,0 ,,전필,,주,3 ,3 ,이용광,월,"5,6",화413,,,,,,,
644 ,공과대학,건축학과,공통,,1270-4-2767-01,건축설계6,,,,,,,,,,전필,,주,6 ,10 ,이상희,화,"3,4,5,6",화418,금,"3,4,5,6",화418,,,,
645 ,공과대학,건축학과,공통,,1270-4-2767-02,건축설계6,,,,,,,,,,전필,,주,6 ,10 ,임상진,화,"3,4,5,6",화418,금,"3,4,5,6",화418,,,,
646 ,공과대학,건축학과,공통,,1270-4-2767-03,건축설계6,,,,,,,,0 ,,전필,,주,6 ,10 ,권웅규,화,"3,4,5,6",화418,금,"3,4,5,6",화418,,,,
647 ,공과대학,건축학과,공통,,1270-4-4547-01,도시계획론,,,,,,,,0 ,,전선,,주,3 ,3 ,박열,월,"1,2",화413,,,,,,,
648 ,공과대학,건축학과,공통,,1270-4-5694-01,경력개발과취업전략,,,,,,,,,,전선,,주,2 ,2 ,서유진,수,"6,7",화311,,,,,,,
649 ,공과대학,건축학과,공통,,1270-5-5012-01,건축설계8,,,,,,,,,,전필,,주,4 ,8 ,서유진,화,"3,4,5,6",화418,금,"3,4",화418,,,,
650 ,공과대학,건축학과,공통,,1270-5-5012-02,건축설계8,,,,,,,,,,전필,,주,4 ,8 ,김정구,화,"3,4,5,6",화418,금,"3,4",화418,,,,
651 ,공과대학,건축학과,공통,,1270-5-5012-03,건축설계8,,,,,,,,0 ,,전필,,주,4 ,8 ,윤종인,화,"3,4,5,6",화418,금,"3,4",화418,,,,
652 ,공과대학,건축학과,공통,,1270-5-5012-04,건축설계8,,,,,,,,,,전필,,주,4 ,8 ,홍성준,화,"3,4,5,6",화418,금,"3,4",화418,,,,
653 ,공과대학,건축학과,공통,,1270-5-5721-01,건축종합설계,,,,,,,,,,전필,,주,2 ,2 ,채철균,수,"1,2",화418,,,,,,,
654 ,공과대학,건축학과,공통,,1270-5-5721-02,건축종합설계,,,,,,,,0 ,,전필,,주,2 ,2 ,김진모,수,"1,2",화418,,,,,,,
655 ,공과대학,건축학과,공통,,1270-5-5721-03,건축종합설계,,,,,,,,,,전필,,주,2 ,2 ,조성용,수,"1,2",화418,,,,,,,
656 ,공과대학,건축학과,공통,,1270-5-5721-04,건축종합설계,,,,,,,,0 ,,전필,,주,2 ,2 ,박열,수,"1,2",화418,,,,,,,
657 ,공과대학,건축학과,공통,,1270-5-5721-05,건축종합설계,,,,,,,,,,전필,,주,2 ,2 ,서유진,수,"1,2",화418,,,,,,,
658 ,공과대학,건축학과,공통,,1270-5-5721-06,건축종합설계,,,,,,,,,,전필,,주,2 ,2 ,이상희,수,"1,2",화418,,,,,,,
659 ,공과대학,건축학과,공통,,1270-5-9171-01,건축실무와윤리,,,,,,,,,,전필,,주,3 ,3 ,박세희,금,"1,2",화413,,,,,,,
660 ,인문사회과학대학,국어국문학과,공통,,3040-1-3732-01,국어와언어분석,,,,,,,,0 ,R1,전선,,주,3 ,3 ,박성현,월,5 ,한울304,수,6 ,한울304,,,,
661 ,인문사회과학대학,국어국문학과,공통,,3040-1-4074-01,문학과타예술,,,,,,,,0 ,R1,전선,,주,3 ,3 ,장석원,화,6 ,한울304,목,5 ,한울304,,,,
662 ,인문사회과학대학,국어국문학과,공통,,3040-1-5743-01,한문의이해,,,,,,,,0 ,R1,전선,,주,3 ,3 ,김기엽,화,5 ,한울311,목,6 ,한울311,,,,
663 ,인문사회과학대학,국어국문학과,공통,,3040-1-9705-01,한국현대문학전공기초,Y,,,,,,,0 ,,전필,,주,3 ,3 ,채상우,금,"3,4",한울303,,,,,,,
664 ,인문사회과학대학,국어국문학과,공통,,3040-2-0272-01,구비문학론,,,,,,,,0 ,,전선,,주,3 ,3 ,김기엽,월,6 ,한울304,수,5 ,한울304,,,,
665 ,인문사회과학대학,국어국문학과,공통,,3040-2-6567-01,현대문학창작연습,,,,,,,,0 ,,전선,,주,3 ,3 ,장석원,화,5 ,한울304,목,6 ,한울304,,,,
666 ,인문사회과학대학,국어국문학과,공통,,3040-3-0173-01,고전문학사,,,,,,,,0 ,,전필,,주,3 ,3 ,강혜진,화,3 ,한울304,목,4 ,한울304,,,,
667 ,인문사회과학대학,국어국문학과,공통,,3040-3-0173-02,고전문학사,Y,,,,,,,0 ,,전필,,주,3 ,3 ,김기엽,화,6 ,한울311,목,5 ,한울311,,,,
668 ,인문사회과학대학,국어국문학과,공통,,3040-3-1884-01,현대시론,,,,,,,,0 ,,전선,,주,3 ,3 ,장석원,금,"3,4",한울304,,,,,,,
669 ,인문사회과학대학,국어국문학과,공통,,3040-3-2331-01,한국문학과세계문학,,,,,,,,0 ,,전선,,주,3 ,3 ,고명철,화,5 ,한울204,목,6 ,한울204,,,,
670 ,인문사회과학대학,국어국문학과,공통,,3040-3-5694-01,경력개발과취업전략,,,,,,,,0 ,,전선,,주,2 ,2 ,강혜진,금,"6,7",한울304,,,,,,,
671 ,인문사회과학대학,국어국문학과,공통,,3040-3-6918-01,국어의미의이해,,,,,,,,0 ,,전선,,주,3 ,3 ,박성현,월,3 ,한울304,수,4 ,한울304,,,,
672 ,인문사회과학대학,국어국문학과,공통,,3040-3-6960-01,훈민정음과중세국어,,,,,,,,0 ,,전선,,주,3 ,3 ,김소영,화,4 ,한울304,목,3 ,한울304,,,,
673 ,인문사회과학대학,국어국문학과,공통,,3040-4-3737-01,디지털시대의국어,,,,,,,,0 ,,전선,,주,3 ,3 ,김소영,화,3 ,한울303,목,4 ,한울303,,,,
674 ,인문사회과학대학,국어국문학과,공통,,3040-4-4995-01,옛글과콘텐츠기획,,,,,,,,0 ,,전선,,주,3 ,3 ,강혜진,화,5 ,한울303,목,6 ,한울303,,,,
675 ,인문사회과학대학,국어국문학과,공통,,3040-4-6919-01,현대문학세미나,,,,,,,,0 ,,전선,,주,3 ,3 ,고명철,화,6 ,한울204,목,5 ,한울204,,,,
676 ,인문사회과학대학,산업심리학과,공통,,3110-1-0960-01,심리학개론2,,,,,,,,0 ,,전선,,주,3 ,3 ,이형철,화,4 ,한울410,목,3 ,한울410,,,,
677 ,인문사회과학대학,산업심리학과,공통,,3110-2-0750-01,사회심리학,,,Y,,,,,0 ,,전선,,주,3 ,3 ,이병관,월,4 ,한울410,,,,,,,
678 ,인문사회과학대학,산업심리학과,공통,,3110-2-0954-01,실험심리학,,,,,,,,0 ,,전필,,주,3 ,3 ,이형철,화,6 ,한울410,목,5 ,한울410,,,,
679 ,인문사회과학대학,산업심리학과,공통,,3110-2-1533-01,조사방법론,,,,,,,,,,전선,,주,3 ,3 ,이현준,월,"1,2",한울502,,,,,,,
680 ,인문사회과학대학,산업심리학과,공통,,3110-2-1542-01,조직심리학,,,,,,,,,,전필,,주,3 ,3 ,한태영,월,6 ,한울410,수,5 ,한울410,,,,
681 ,인문사회과학대학,산업심리학과,공통,,3110-2-1667-01,컴퓨터통계분석,,,Y,,,,,0 ,,전선,,주,3 ,3 ,임혜빈,금,"1,2",한울104,,,,,,,
682 ,인문사회과학대학,산업심리학과,공통,,3110-3-0836-01,소비자심리학,,Y,,Y,,,,0 ,,전선,,주,3 ,3 ,이병관,토,79 ,,,,,,,,
683 ,인문사회과학대학,산업심리학과,공통,,3110-3-4233-01,상담이론과실제,,,,,,,,,,전선,,주,3 ,3 ,강사미정,목,"3,4",한울502,,,,,,,
684 ,인문사회과학대학,산업심리학과,공통,,3110-3-8067-01,산업조직동기관리,,,,,,,,,,전선,,주,3 ,3 ,한태영,월,5 ,한울410,수,6 ,한울410,,,,
685 ,인문사회과학대학,산업심리학과,공통,,3110-3-8527-01,리더십코칭,,,Y,,,,,,,전선,,주,3 ,3 ,하규영,월,4 ,한울304,수,3 ,한울304,,,,
686 ,인문사회과학대학,산업심리학과,공통,,3110-3-9200-01,판단과의사결정,,,Y,,,,,0 ,,전선,,주,3 ,3 ,임혜빈,수,2 ,한울410,,,,,,,
687 ,인문사회과학대학,산업심리학과,공통,,3110-4-4231-01,집단상담,,,,,,,,0 ,,전선,,주,3 ,3 ,진준호,화,"5,6",한울504,,,,,,,
688 ,인문사회과학대학,산업심리학과,공통,,3110-4-4234-01,가족상담,,,,,,,,,,전선,,주,3 ,3 ,고소희,목,"5,6",한울502,,,,,,,
689 ,인문사회과학대학,산업심리학과,공통,,3110-4-4235-01,진로상담,,,,,,,,,,전선,,주,3 ,3 ,김민향,화,"3,4",한울502,,,,,,,
690 ,인문사회과학대학,동북아문화산업학부,공통,,3210-1-9216-01,일본어기초2,,,,,,,,,"R4,R5",전필,,주,3 ,3 ,최정아,월,3 ,한울502,수,4 ,한울502,,,,
691 ,인문사회과학대학,동북아문화산업학부,공통,,3210-1-9216-02,일본어기초2,,,,,,,,,"R4,R5",전필,,주,3 ,3 ,최정아,월,4 ,한울502,수,3 ,한울502,,,,
692 ,인문사회과학대학,동북아문화산업학부,공통,,3210-1-9217-01,중국어기초2,,,,,,,,,"R4,R5",전필,,주,3 ,3 ,정소영,화,1 ,한울303,목,2 ,한울303,,,,
693 ,인문사회과학대학,동북아문화산업학부,공통,,3210-1-9217-02,중국어기초2,,,,,,,,,"R4,R5",전필,,주,3 ,3 ,정소영,화,2 ,한울303,목,1 ,한울303,,,,
694 ,인문사회과학대학,동북아문화산업학부,공통,,3210-1-9699-01,동북아문화산업의미래,,,,,,,,,"R4,R5",전선,,주,3 ,3 ,김희교,금,"1,2",한울407,,,,,,,
695 ,인문사회과학대학,동북아문화산업학부,공통,,3210-2-5557-01,고급일본어연습,,,,,,,일본어,50 ,,전선,,주,3 ,3 ,성호현,목,"1,2",한울407,,,,,,,
696 ,인문사회과학대학,동북아문화산업학부,공통,,3210-2-5580-01,문화원형상징론,,,,,,,,0 ,,전선,,주,3 ,3 ,조영복,화,5 ,한울407,목,6 ,한울407,,,,
697 ,인문사회과학대학,동북아문화산업학부,공통,,3210-2-5585-01,일본영상문화론,,,,,,,,0 ,,전선,,주,3 ,3 ,강태웅,화,4 ,한울407,목,3 ,한울407,,,,
698 ,인문사회과학대학,동북아문화산업학부,공통,,3210-2-5796-01,디지털콘텐츠제작실습2,,,,,,,,0 ,,전선,,주,3 ,4 ,손배호,화,"0,1,2",한울104,,,,,,,
699 ,인문사회과학대학,동북아문화산업학부,공통,,3210-2-6132-01,K-무비의이해,,Y,,,,,,0 ,,전선,,주,3 ,3 ,강성률,금,"5,6",한울502,,,,,,,
700 ,인문사회과학대학,동북아문화산업학부,공통,,3210-2-8287-01,브랜드기획제작실습,,,,,,,,0 ,,전선,,주,3 ,4 ,심재현,월,"5,6,7",연108,,,,,,,
701 ,인문사회과학대학,동북아문화산업학부,공통,,3210-2-9220-01,중국어문법과작문,,,,,,,중국어,50 ,,전선,,주,3 ,3 ,왕베이베이,금,"3,4",한울502,,,,,,,
702 ,인문사회과학대학,동북아문화산업학부,공통,,3210-3-3754-01,한국문화콘텐츠의이해,,,,,,,,0 ,,전선,,주,3 ,3 ,조영복,화,3 ,한울407,목,4 ,한울407,,,,
703 ,인문사회과학대학,동북아문화산업학부,공통,,3210-3-4090-01,일본애니메이션과문화산업,,,,,,,,0 ,,전선,,주,3 ,3 ,강태웅,화,6 ,한울407,목,5 ,한울407,,,,
704 ,인문사회과학대학,동북아문화산업학부,공통,,3210-3-5578-01,현대문화이론,,,,,,,,0 ,,전선,,주,3 ,3 ,강성률,월,"5,6",한울407,,,,,,,
705 ,인문사회과학대학,동북아문화산업학부,공통,,3210-3-5614-01,변혁기의현대중국문학,,,,,,,,0 ,,전선,,주,3 ,3 ,박성원,월,"3,4",한울407,,,,,,,
706 ,인문사회과학대학,동북아문화산업학부,공통,,3210-3-5694-01,경력개발과취업전략,,,,,,,,0 ,,전선,,주,2 ,2 ,강태웅,금,"6,7",한울308,,,,,,,
707 ,인문사회과학대학,동북아문화산업학부,공통,,3210-3-6192-01,문화상품제작실습,,,,,,,,0 ,,전선,,주,3 ,4 ,심재현,월,"0,1,2",연108,,,,,,,
708 ,인문사회과학대학,동북아문화산업학부,공통,,3210-3-9701-01,컬쳐디자인,,,,,,,,,,전선,,주,3 ,3 ,박순,수,"3,4",한울407,,,,,,,
709 ,인문사회과학대학,동북아문화산업학부,공통,,3210-4-3756-01,일본근대소설과문화,,,,,,,,,,전선,,주,3 ,3 ,최정아,금,"5,6",한울407,,,,,,,
710 ,인문사회과학대학,동북아문화산업학부,공통,,3210-4-6036-01,중국문화와문화산업분석,,,,,,,,,,전선,,주,3 ,3 ,김희교,금,"3,4",한울407,,,,,,,
711 ,인문사회과학대학,동북아문화산업학부,공통,,3210-4-6316-01,디지털시대의중국문화와시장읽기,,Y,,Y,,,,,,전선,,주,3 ,3 ,정소영,수,"1,2",한울407,,,,,,,
712 ,인문사회과학대학,동북아문화산업학부,공통,,3210-4-6317-01,디지털시대의문화트렌드분석,,Y,,,,,,0 ,,전선,,주,3 ,3 ,강성률,수,"5,6",한울407,,,,,,,
713 ,인문사회과학대학,영어산업학과,공통,,3220-1-6327-01,영미문학과사회,,,,,,,,,R2,전선,,주,3 ,3 ,김홍기,화,4 ,한울308,목,3 ,한울308,,,,
714 ,인문사회과학대학,영어산업학과,공통,,3220-1-8522-01,영화와영미문화,,,,,,,,0 ,R2,전선,,주,3 ,3 ,신승한,월,5 ,한울308,수,6 ,한울308,,,,
715 ,인문사회과학대학,영어산업학과,공통,,3220-2-3204-01,언어습득,,,,,,,,,,전선,,주,3 ,3 ,이일재,월,3 ,한울308,수,4 ,한울308,,,,
716 ,인문사회과학대학,영어산업학과,공통,,3220-2-5236-01,영어학입문,,,,,,,,0 ,,전필,,주,3 ,3 ,손가연,화,2 ,한울308,목,1 ,한울308,,,,
717 ,인문사회과학대학,영어산업학과,공통,,3220-2-5298-01,그래픽내러티브,,,,,,,,0 ,,전선,,주,3 ,3 ,신승한,월,6 ,한울303,수,5 ,한울303,,,,
718 ,인문사회과학대학,영어산업학과,공통,,3220-2-6329-01,영어학통계입문,,,,,,,,0 ,,전필,,주,3 ,3 ,임효정,화,3 ,한울104,목,4 ,한울104,,,,
719 ,인문사회과학대학,영어산업학과,공통,,3220-2-6330-01,영어어휘연구,,,,,,,영어,100 ,,전선,,주,3 ,3 ,임효정,화,1 ,한울308,목,2 ,한울308,,,,
720 ,인문사회과학대학,영어산업학과,공통,,3220-2-6331-01,영미시의이해,,,,,,,,,,전선,,주,3 ,3 ,김홍기,화,6 ,한울308,목,5 ,한울308,,,,
721 ,인문사회과학대학,영어산업학과,공통,,3220-3-3147-01,영미단편소설,,,,,,,,,,전선,,주,3 ,3 ,신승한,월,4 ,한울308,수,3 ,한울308,,,,
722 ,인문사회과학대학,영어산업학과,공통,,3220-3-5694-01,경력개발과취업전략,,,,,,,,0 ,,전선,,주,2 ,2 ,신승한,목,"6,7",한울308,,,,,,,
723 ,인문사회과학대학,영어산업학과,공통,,3220-3-9198-01,코퍼스영어학,,,,,,,,0 ,,전선,,주,3 ,3 ,손가연,화,3 ,누403,목,4 ,누403,,,,
724 ,인문사회과학대학,영어산업학과,공통,,3220-4-5248-01,언어와사회,,,,,,,,,,전선,,주,3 ,3 ,이일재,월,6 ,한울308,수,5 ,한울308,,,,
725 ,인문사회과학대학,영어산업학과,공통,,3220-4-6118-01,영어의역사,,,,,,,,,,전선,,주,3 ,3 ,이일재,월,1 ,한울308,수,2 ,한울308,,,,
726 ,인문사회과학대학,영어산업학과,공통,,3220-4-9191-01,영어발표와토론,,,,,,,영어,100 ,,전선,,주,3 ,3 ,에이미,월,4 ,기303,수,3 ,기303,,,,
727 ,인문사회과학대학,미디어커뮤니케이션학부,공통,,3230-1-3743-01,광운대미디어커뮤니케이션학부의모든것,Y,Y,,Y,,,,,,전선,,주,3 ,3 ,문상현,금,5 ,,,,,,,,
728 ,인문사회과학대학,미디어커뮤니케이션학부,공통,,3230-1-4466-01,다문화커뮤니케이션,Y,,,,,,,0 ,,전선,,주,3 ,3 ,오창학,월,1 ,기306,수,2 ,기306,,,,
729 ,인문사회과학대학,미디어커뮤니케이션학부,공통,,3230-1-5739-01,커뮤니케이션과한국사회,Y,,,,,,,0 ,,전선,,주,3 ,3 ,오창학,월,2 ,기306,수,1 ,기306,,,,
730 ,인문사회과학대학,미디어커뮤니케이션학부,공통,,3230-1-9673-01,방송영상론,,,,,,,,,"M1,M2",전선,,주,3 ,3 ,문상현,월,4 ,한울411,수,3 ,한울411,,,,
731 ,인문사회과학대학,미디어커뮤니케이션학부,공통,,3230-1-9681-01,인터랙티브커뮤니케이션개론,,,,,,,,0 ,"M1,M2",전선,,주,3 ,3 ,정동훈,화,4 ,한울411,목,3 ,한울411,,,,
732 ,인문사회과학대학,미디어커뮤니케이션학부,공통,,3230-1-9689-01,광고PR과전략커뮤니케이션,,,,,,,,,"M1,M2",전선,,주,3 ,3 ,이종혁,화,1 ,한울502,목,2 ,한울502,,,,
733 ,인문사회과학대학,미디어커뮤니케이션학부,공통,,3230-1-9689-02,광고PR과전략커뮤니케이션,Y,,,,,,,,,전선,,주,3 ,3 ,이종혁,화,2 ,한울502,목,1 ,한울502,,,,
734 ,인문사회과학대학,미디어커뮤니케이션학부,공통,,3230-2-3248-01,브랜드커뮤니케이션,,,,,,,,,,전선,,주,3 ,3 ,김규리,월,3 ,기303,수,4 ,기303,,,,
735 ,인문사회과학대학,미디어커뮤니케이션학부,공통,,3230-2-4082-01,인터랙티브데이터시각화,,Y,,,,,,0 ,,전선,,주,3 ,4 ,황동욱,월,"5,6,7",한울502,,,,,,,
736 ,인문사회과학대학,미디어커뮤니케이션학부,공통,,3230-2-4467-01,설득과선전,Y,,,,,,,0 ,,전선,,주,3 ,3 ,오창학,월,3 ,기306,수,4 ,기306,,,,
737 ,인문사회과학대학,미디어커뮤니케이션학부,공통,,3230-2-4905-01,미디어생태계와저널리즘,Y,,,,,,,0 ,,전선,,주,3 ,3 ,정일권,월,1 ,한울411,수,2 ,한울411,,,,
738 ,인문사회과학대학,미디어커뮤니케이션학부,공통,,3230-2-5531-01,미디어와젠더,,,,,,,,0 ,,전선,,주,3 ,3 ,김예란,월,3 ,한울303,수,4 ,한울303,,,,
739 ,인문사회과학대학,미디어커뮤니케이션학부,공통,,3230-2-5799-01,위험사회와커뮤니케이션,,Y,,Y,,,,0 ,,전선,,주,3 ,3 ,김예란,금,5 ,,,,,,,,
740 ,인문사회과학대학,미디어커뮤니케이션학부,공통,,3230-2-5802-01,광고PR조사방법론,,,,,,,,0 ,,전선,,주,3 ,3 ,고영지,화,5 ,한울410,목,6 ,한울410,,,,
741 ,인문사회과학대학,미디어커뮤니케이션학부,공통,,3230-2-5803-01,근거기반캠페인전략,,,,,,,,0 ,,전선,,주,3 ,3 ,김미리,월,1 ,기301,수,2 ,기301,,,,
742 ,인문사회과학대학,미디어커뮤니케이션학부,공통,,3230-2-5805-01,"메타버스,너때는말이야!",,Y,,Y,,,,0 ,,전선,,주,3 ,3 ,정동훈,화,3 ,,,,,,,,
743 ,인문사회과학대학,미디어커뮤니케이션학부,공통,,3230-2-6320-01,인공지능과알고리즘사회,,Y,,Y,,,영어,100 ,,전선,,주,3 ,3 ,박대민,월,5 ,,,,,,,,
744 ,인문사회과학대학,미디어커뮤니케이션학부,공통,,3230-2-6421-01,가상인간기획및제작,,,Y,,,,,,,전선,,주,3 ,4 ,오문석,목,"0,1,2",연108,,,,,,,
745 ,인문사회과학대학,미디어커뮤니케이션학부,공통,,3230-2-6421-02,가상인간기획및제작,,,Y,,,,,,,전선,,주,3 ,4 ,오문석,목,"5,6,7",연108,,,,,,,
746 ,인문사회과학대학,미디어커뮤니케이션학부,공통,,3230-2-7702-01,컴퓨터그래픽디자인,,,,,,,,,,전선,,주,3 ,4 ,오은석,화,"5,6,7",한울104,,,,,,,
747 ,인문사회과학대학,미디어커뮤니케이션학부,공통,,3230-2-7702-02,컴퓨터그래픽디자인,,,,,,,,,,전선,,주,3 ,4 ,오은석,수,"5,6,7",한울104,,,,,,,
748 ,인문사회과학대학,미디어커뮤니케이션학부,공통,,3230-2-9666-01,논픽션미디어의이해,,,,,,,,,,전선,,주,3 ,3 ,레이몬드,화,6 ,한울303,목,5 ,한울303,,,,
749 ,인문사회과학대학,미디어커뮤니케이션학부,공통,,3230-2-9679-01,엔터테인먼트산업,,,,,,,,,,전선,,주,3 ,3 ,문상현,월,6 ,한울411,수,5 ,한울411,,,,
750 ,인문사회과학대학,미디어커뮤니케이션학부,공통,,3230-3-3249-01,뉴스와기자의미래,,,,,,,,0 ,,전선,,주,3 ,3 ,정일권,월,2 ,한울203,수,1 ,한울203,,,,
751 ,인문사회과학대학,미디어커뮤니케이션학부,공통,,3230-3-3964-01,데이터시각화와인지과학,Y,Y,,Y,,,,0 ,,전선,,주,3 ,3 ,황동욱,수,3 ,,,,,,,,
752 ,인문사회과학대학,미디어커뮤니케이션학부,공통,,3230-3-4469-01,광고와사회,Y,Y,,Y,,,,0 ,,전선,,주,3 ,3 ,고영지,금,1 ,,,,,,,,
753 ,인문사회과학대학,미디어커뮤니케이션학부,공통,,3230-3-5304-01,Gen-AI기반텍스트마이닝과전략개발,,Y,,,,,,,,전선,,주,3 ,4 ,김상연,금,1 ,,,,,,,,
754 ,인문사회과학대학,미디어커뮤니케이션학부,공통,,3230-3-5813-01,Gen-AI기반커뮤니케이션캡스톤,,,,,,,,0 ,,전선,,주,3 ,4 ,정동훈,화,"0,1,2",한울411,,,,,,,
755 ,인문사회과학대학,미디어커뮤니케이션학부,공통,,3230-3-6321-01,가상인간브랜딩및세계관기획,,,,,,,,,,전선,,주,3 ,4 ,오문석,화,"5,6,7",연108,,,,,,,
756 ,인문사회과학대학,미디어커뮤니케이션학부,공통,,3230-3-6322-01,인공지능과미디어혁신,,,,,,,,0 ,,전선,,주,3 ,3 ,박대민,화,6 ,누403,목,5 ,누403,,,,
757 ,인문사회과학대학,미디어커뮤니케이션학부,공통,,3230-3-9664-01,UX/UI기획및제작,,,,,,,,,,전선,,주,3 ,4 ,한규훈,수,"5,6,7",연108,,,,,,,
758 ,인문사회과학대학,미디어커뮤니케이션학부,공통,,3230-3-9678-01,실감미디어콘텐츠개발,,Y,,Y,,,,0 ,,전선,,주,3 ,4 ,황동욱,금,3 ,,,,,,,,
759 ,인문사회과학대학,미디어커뮤니케이션학부,공통,,3230-3-9684-01,정서와소비자행동,,,,,,,,0 ,,전선,,주,3 ,3 ,김미리,월,2 ,기301,수,1 ,기301,,,,
760 ,인문사회과학대학,미디어커뮤니케이션학부,공통,,3230-4-4498-01,전략커뮤니케이션과마케팅,,,,,,,,,,전선,,주,3 ,3 ,류지현,금,"5,6",한울411,,,,,,,
761 ,인문사회과학대학,미디어커뮤니케이션학부,공통,,3230-4-5694-01,경력개발과취업전략,,,,,,,,,,전선,,주,2 ,2 ,오은석,금,"6,7",한울303,,,,,,,
762 ,인문사회과학대학,미디어커뮤니케이션학부,공통,,3230-4-5814-01,미디어와문화기획,,,,,,,,0 ,,전선,,주,3 ,3 ,김예란,월,4 ,한울303,수,3 ,한울303,,,,
763 ,인문사회과학대학,미디어커뮤니케이션학부,공통,,3230-4-5815-01,글로벌전략트렌드와영어연습,,,,,,,,,,전선,,주,3 ,3 ,김상연,월,5 ,기303,수,6 ,기303,,,,
764 ,인문사회과학대학,미디어커뮤니케이션학부,공통,,3230-4-6324-01,AI미디어와콘텐츠기획,,,,,,,,0 ,,전선,,주,3 ,3 ,박대민,화,5 ,누403,목,6 ,누403,,,,
765 ,경영대학,경영학부,공통,,5080-1-1970-01,회계원리,,,,,,,,,"B1,B2,B3,B4",전필,,주,3 ,3 ,박애영,월,3 ,누411,수,4 ,누411,,,,
766 ,경영대학,경영학부,공통,,5080-1-1970-02,회계원리,,,,,,,,,"B1,B2,B3,B4",전필,,주,3 ,3 ,박애영,월,4 ,누411,수,3 ,누411,,,,
767 ,경영대학,경영학부,공통,,5080-1-1970-03,회계원리,Y,,Y,,,,,,,전필,,주,3 ,3 ,박애영,월,1 ,누411,수,2 ,누411,,,,
768 ,경영대학,경영학부,공통,,5080-1-1970-04,회계원리,,,,,,,,0 ,"B1,B2,B3,B4",전필,,주,3 ,3 ,이민주,금,"1,2",누411,,,,,,,
769 ,경영대학,경영학부,공통,,5080-1-5777-01,AI경영수학,,,,,,,,,"B1,B2,B3,B4",전선,,주,3 ,3 ,최재운,화,1 ,누405,목,2 ,누405,,,,
770 ,경영대학,경영학부,공통,,5080-1-8553-01,경영학의이해,,,,,,,,,"B1,B2,B3,B4",전선,,주,3 ,3 ,이병헌,화,2 ,누406,목,1 ,누406,,,,
771 ,경영대학,경영학부,공통,,5080-1-9883-01,비즈니스통계,Y,Y,,Y,,,영어,100 ,,전선,,주,3 ,3 ,이석준,토,"1,2",,,,,,,,
772 ,경영대학,경영학부,공통,,5080-2-0092-01,경영과학,,,,,,,,,,전선,,주,3 ,3 ,김지현,월,3 ,누413,수,4 ,누413,,,,
773 ,경영대학,경영학부,공통,,5080-2-0092-02,경영과학,,,,,,,,,,전선,,주,3 ,3 ,김지현,월,5 ,누413,수,6 ,누413,,,,
774 ,경영대학,경영학부,공통,,5080-2-0092-03,경영과학,Y,,,,,,,,,전선,,주,3 ,3 ,김지현,월,6 ,누413,수,5 ,누413,,,,
775 ,경영대학,경영학부,공통,,5080-2-0508-01,마케팅,,,,,,,,0 ,,전필,,주,3 ,3 ,조은성,월,6 ,누412,수,5 ,누412,,,,
776 ,경영대학,경영학부,공통,,5080-2-0508-02,마케팅,,,,,,,,,,전필,,주,3 ,3 ,하용수,화,3 ,누412,목,4 ,누412,,,,
777 ,경영대학,경영학부,공통,,5080-2-0508-03,마케팅,Y,,Y,,,,,0 ,,전필,,주,3 ,3 ,이인남,월,3 ,누412,수,4 ,누412,,,,
778 ,경영대학,경영학부,공통,,5080-2-1277-01,재무관리,,,,,,,,,,전필,,주,3 ,3 ,한재현,화,4 ,누412,목,3 ,누412,,,,
779 ,경영대학,경영학부,공통,,5080-2-1277-02,재무관리,,,,,,,,0 ,,전필,,주,3 ,3 ,조원호,월,1 ,누413,수,2 ,누413,,,,
780 ,경영대학,경영학부,공통,,5080-2-1277-03,재무관리,,,,,,,,0 ,,전필,,주,3 ,3 ,조원호,월,2 ,누413,수,1 ,누413,,,,
781 ,경영대학,경영학부,공통,,5080-2-4900-01,생산운영관리,,,,,,,,,,전필,,주,3 ,3 ,김초연,화,"5,6",누413,,,,,,,
782 ,경영대학,경영학부,공통,,5080-2-4900-02,생산운영관리,,,,,,,,,,전필,,주,3 ,3 ,김수효,목,"5,6",누413,,,,,,,
783 ,경영대학,경영학부,공통,,5080-2-4964-01,디지털서비스프로젝트관리실무,,,Y,,,Y,,0 ,,전선,,주,2 ,3 ,이석준,수,"5,6",기304,,,,,,,매치업(바이오헬스분야)
784 ,경영대학,경영학부,공통,,5080-2-4965-01,의료빅데이터분석및활용실무,,,Y,,,Y,,0 ,,전선,,야,2 ,3 ,이석준,월,"7,8,9",기302,,,,,,,매치업(바이오헬스분야)
785 ,경영대학,경영학부,공통,,5080-2-5358-01,재무회계,,,,,,,,0 ,,전선,,주,3 ,3 ,김성환,화,5 ,누411,목,6 ,누411,,,,
786 ,경영대학,경영학부,공통,,5080-2-5358-02,재무회계,,,,,,,,0 ,,전선,,주,3 ,3 ,김성환,화,6 ,누411,목,5 ,누411,,,,
787 ,경영대학,경영학부,공통,,5080-2-6383-01,AI프로그래밍2,,,,,,,,,,전선,,주,3 ,3 ,최재운,화,4 ,누405,목,3 ,누405,,,,
788 ,경영대학,경영학부,공통,,5080-2-6384-01,빅데이터와경영데이터베이스,,,,,,,,0 ,,전선,,주,3 ,3 ,서상구,월,6 ,누403,수,5 ,누403,,,,
789 ,경영대학,경영학부,공통,,5080-2-6384-02,빅데이터와경영데이터베이스,Y,Y,,Y,,,,0 ,,전선,,주,3 ,3 ,서상구,수,6 ,,,,,,,,
790 ,경영대학,경영학부,공통,,5080-2-8554-01,조직행동,,,,,,,,0 ,,전필,,주,3 ,3 ,박준형,화,1 ,누411,목,2 ,누411,,,,
791 ,경영대학,경영학부,공통,,5080-2-8554-02,조직행동,,,,,,,,0 ,,전필,,주,3 ,3 ,이현,월,1 ,누406,수,2 ,누406,,,,
792 ,경영대학,경영학부,공통,,5080-2-8555-01,MIS개론,,,Y,,,,,,,전필,,주,3 ,3 ,최재운,금,"3,4",누411,,,,,,,
793 ,경영대학,경영학부,공통,,5080-2-8555-02,MIS개론,,Y,,Y,,,영어,100 ,,전필,,주,3 ,3 ,박아름,토,1 ,,,,,,,,
794 ,경영대학,경영학부,공통,,5080-2-8557-01,소비자행동,,,,,,,,0 ,,전선,,주,3 ,3 ,심인선,월,"3,4",누406,,,,,,,
795 ,경영대학,경영학부,공통,,5080-2-8559-01,비쥬얼애널리틱스,,,,,,,,0 ,,전선,,주,3 ,3 ,박아름,금,"5,6",누403,,,,,,,
796 ,경영대학,경영학부,공통,,5080-3-0225-01,관리회계,,,,,,,,,,전선,,주,3 ,3 ,,월,2 ,누406,수,1 ,누406,,,,
797 ,경영대학,경영학부,공통,,5080-3-2923-01,경영전략,,,,,,,,,,전선,,주,3 ,3 ,이병헌,화,1 ,누406,목,2 ,누406,,,,
798 ,경영대학,경영학부,공통,,5080-3-3303-01,서비스마케팅,,,,,,,,0 ,,전선,,주,3 ,3 ,김잔디,수,"3,4",누406,,,,,,,
799 ,경영대학,경영학부,공통,,5080-3-3890-01,인적자원관리,,,Y,,,,영어,100 ,,전선,,주,3 ,3 ,박준형,화,3 ,누411,,,,,,,
800 ,경영대학,경영학부,공통,,5080-3-3918-01,SCM,,,,,,,,0 ,,전선,,주,3 ,3 ,정문기,금,"1,2",누406,,,,,,,
801 ,경영대학,경영학부,공통,,5080-3-3972-01,자산운용기초,,,,,,,,0 ,,전선,,주,3 ,3 ,장민기,금,"1,2",누102,,,,,,,
802 ,경영대학,경영학부,공통,,5080-3-5148-01,증권투자론,,,,,,,,,,전선,,주,3 ,3 ,이효정,화,3 ,누413,목,4 ,누413,,,,
803 ,경영대학,경영학부,공통,,5080-3-5148-02,증권투자론,Y,,Y,,,,,,,전선,,주,3 ,3 ,이효정,금,"1,2",누413,,,,,,,
804 ,경영대학,경영학부,공통,,5080-3-5217-01,파생금융상품론,,,,,,,,,,전선,,주,3 ,3 ,이효정,화,4 ,누413,목,3 ,누413,,,,
805 ,경영대학,경영학부,공통,,5080-3-5544-01,중급회계2,,,,,,,,,,전선,,주,3 ,3 ,,금,"5,6",누413,,,,,,,
806 ,경영대학,경영학부,공통,,5080-3-5886-01,마케팅조사,,,,,,,,0 ,,전선,,주,3 ,3 ,조은성,월,5 ,누405,수,6 ,누405,,,,
807 ,경영대학,경영학부,공통,,5080-3-6106-01,기업재무론,,,,,,,,,,전선,,주,3 ,3 ,한재현,월,4 ,누413,수,3 ,누413,,,,
808 ,경영대학,경영학부,공통,,5080-3-7704-01,디지털마케팅,,,,,,,,,,전선,,주,3 ,3 ,하용수,화,5 ,누412,목,6 ,누412,,,,
809 ,경영대학,경영학부,공통,,5080-3-9242-01,국제경영,,,,,,,,0 ,,전선,,주,3 ,3 ,박설연,월,2 ,누412,수,1 ,누412,,,,
810 ,경영대학,경영학부,공통,,5080-3-9242-02,국제경영,Y,,,,,,,0 ,,전선,,주,3 ,3 ,박설연,월,4 ,누412,수,3 ,누412,,,,
811 ,경영대학,경영학부,공통,,5080-4-0829-01,세무회계,,,,,,,,0 ,,전선,,주,3 ,3 ,정아름,금,"1,2",누412,,,,,,,
812 ,경영대학,경영학부,공통,,5080-4-4222-01,브랜드관리,,,,,,,,0 ,,전선,,야,3 ,3 ,김상률,월,"7,8,9",누412,,,,,,,
813 ,경영대학,경영학부,공통,,5080-4-5285-01,금융과인공지능,,,,,,,,0 ,,전선,,주,3 ,3 ,조원호,월,5 ,누403,수,6 ,누403,,,,
814 ,경영대학,경영학부,공통,,5080-4-6390-01,회계정보와의사결정,,,,,,,,,,전선,,주,3 ,3 ,,월,4 ,누405,수,3 ,누405,,,,
815 ,경영대학,경영학부,공통,,5080-4-7882-01,성공적인창업계획,,,,,,,,0 ,,전선,,주,3 ,3 ,이현경,금,"5,6",누412,,,,,,,창업 교과목
816 ,경영대학,경영학부,공통,,5080-4-8567-01,벤처경영,,,,,,,,,,전선,,주,3 ,3 ,이병헌,화,5 ,누406,목,6 ,누406,,,,
817 ,경영대학,국제통상학부,공통,,5100-1-4488-01,경제경영통계,,,,,,,,0 ,B5,전필,,주,3 ,3 ,박희대,화,2 ,한울307,목,1 ,한울307,,,,
818 ,경영대학,국제통상학부,공통,,5100-1-4488-02,경제경영통계,Y,,,,,,,0 ,,전필,,주,3 ,3 ,이가은,월,"5,6",한울104,,,,,,,
819 ,경영대학,국제통상학부,공통,,5100-1-6398-01,거시경제원론,,,,,,,,,B5,전필,,주,3 ,3 ,김현지,금,"3,4",한울402,,,,,,,
820 ,경영대학,국제통상학부,공통,,5100-1-6398-02,거시경제원론,Y,,,,,,,0 ,,전필,,주,3 ,3 ,김영환,화,"3,4",누404,,,,,,,
821 ,경영대학,국제통상학부,공통,,5100-1-9216-01,일본어기초2,,,,,,,일본어,50 ,B5,전필,,주,3 ,3 ,이승영,월,4 ,한울404,수,3 ,한울404,,,,
822 ,경영대학,국제통상학부,공통,,5100-1-9217-01,중국어기초2,,,,,,,중국어,70 ,B5,전필,,주,3 ,3 ,이가은,월,4 ,한울307,수,3 ,한울307,,,,
823 ,경영대학,국제통상학부,공통,,5100-1-9217-02,중국어기초2,,,,,,,,0 ,B5,전필,,주,3 ,3 ,곡효운,월,5 ,한울303,수,6 ,한울303,,,,
824 ,경영대학,국제통상학부,공통,,5100-2-0048-01,거시경제학,,,,,,,,,,전필,,주,3 ,3 ,김한솔,화,"5,6",한울307,,,,,,,
825 ,경영대학,국제통상학부,공통,,5100-2-0048-02,거시경제학,Y,,,,,,,0 ,,전필,,주,3 ,3 ,이헌석,목,"1,2",한울310,,,,,,,
826 ,경영대학,국제통상학부,공통,,5100-2-0542-01,무역영어,,,,,,,,,,전선,,주,3 ,3 ,홍의,화,4 ,한울307,목,3 ,한울307,,,,
827 ,경영대학,국제통상학부,공통,,5100-2-0613-01,미시경제학,,,,,,,,0 ,,전필,,주,3 ,3 ,박희대,화,1 ,한울307,목,2 ,한울307,,,,
828 ,경영대학,국제통상학부,공통,,5100-2-0613-02,미시경제학,Y,,Y,,,,,0 ,,전필,,주,3 ,3 ,이가은,수,5 ,한울402,,,,,,,
829 ,경영대학,국제통상학부,공통,,5100-2-1234-01,진로탐색및설계,,Y,,Y,,,,0 ,,전선,,야,1 ,2 ,박희대,금,"7,8",,,,,,,,
830 ,경영대학,국제통상학부,공통,,5100-2-4355-01,글로벌경영,,,,,,,,,,전필,,주,3 ,3 ,정재휘,월,1 ,한울307,수,2 ,한울307,,,,
831 ,경영대학,국제통상학부,공통,,5100-2-4355-02,글로벌경영,Y,,,,,,,0 ,,전필,,주,3 ,3 ,김용현,금,"1,2",한울307,,,,,,,
832 ,경영대학,국제통상학부,공통,,5100-2-5556-01,중국어비즈니스작문,,,,,,,중국어,50 ,,전선,,주,3 ,3 ,변성연,화,"1,2",한울402,,,,,,,
833 ,경영대학,국제통상학부,공통,,5100-2-6099-01,경제경영데이터분석2,,,,,,,,0 ,,전선,,주,3 ,3 ,박희대,화,4 ,한울204,목,3 ,한울204,,,,
834 ,경영대학,국제통상학부,공통,,5100-2-6100-01,게임이론,,,,,,,,,,전선,,주,3 ,3 ,정수지,월,"5,6",한울307,,,,,,,
835 ,경영대학,국제통상학부,공통,,5100-2-9708-01,무역상무연습,,,,,,,,,,전선,,주,3 ,3 ,홍의,화,3 ,한울307,목,4 ,한울307,,,,
836 ,경영대학,국제통상학부,공통,,5100-2-9732-01,시사일본어연습,,,,,,,,,,전선,,주,3 ,3 ,이향철,목,"5,6",기304,,,,,,,
837 ,경영대학,국제통상학부,공통,,5100-3-0228-01,관세법,,,Y,,,,,0 ,,전선,,주,3 ,3 ,이주윤,목,5 ,한울307,,,,,,,
838 ,경영대학,국제통상학부,공통,,5100-3-0307-01,국제금융론,,,,,,,,,,전선,,주,3 ,3 ,오동석,목,"3,4",한울408,,,,,,,
839 ,경영대학,국제통상학부,공통,,5100-3-3307-01,빅데이터분석,,,,,,,,,,전선,,주,3 ,3 ,,금,"5,6",한울307,,,,,,,
840 ,경영대학,국제통상학부,공통,,5100-3-4490-01,국제경영전략,,,,,,,,,,전선,,주,3 ,3 ,김장순,수,"3,4",누404,,,,,,,
841 ,경영대학,국제통상학부,공통,,5100-3-4490-02,국제경영전략,Y,,,,,,,0 ,,전선,,주,3 ,3 ,김용현,금,"3,4",한울307,,,,,,,
842 ,경영대학,국제통상학부,공통,,5100-3-5299-01,국제비즈니스와글로벌인재,,,,,,,,0 ,,전선,,주,3 ,3 ,최용민,수,"5,6",한울307,,,,,,,
843 ,경영대학,국제통상학부,공통,,5100-3-5694-01,경력개발과취업전략,,,,,,,,0 ,,전선,,주,2 ,2 ,이주윤,목,"6,7",한울307,,,,,,,
844 ,경영대학,국제통상학부,공통,,5100-3-8981-01,국제운송론,,Y,,Y,,,,,,전선,,주,3 ,3 ,홍의,토,77 ,,,,,,,,
845 ,경영대학,국제통상학부,공통,,5100-4-6400-01,국제통상법,,,,,,,,0 ,,전선,,주,3 ,3 ,이주윤,화,3 ,한울308,목,4 ,한울308,,,,
846 ,자연과학대학,수학과,공통,,6030-1-1586-01,집합론,,,,,,,영어,70 ,N1,전선,,주,3 ,3 ,김태균,화,5 ,옥203,목,6 ,옥203,,,,
847 ,자연과학대학,수학과,공통,,6030-1-8501-01,계산수학및프로그래밍,,,,,,,,,N1,전선,,주,3 ,3 ,이진우,월,5 ,옥601,수,6 ,옥601,,,,
848 ,자연과학대학,수학과,공통,,6030-2-0608-01,미분기하학,,,Y,,,,,,,전선,,주,3 ,3 ,최윤철,월,6 ,,수,5 ,한울204,,,,
849 ,자연과학대학,수학과,공통,,6030-2-0821-01,선형대수학2,,,,,,,영어,50 ,,전선,,주,3 ,3 ,송영권,월,3 ,옥103,수,4 ,옥103,,,,
850 ,자연과학대학,수학과,공통,,6030-2-0876-01,수치해석1,,,Y,,,,영어,100 ,,전선,,주,3 ,3 ,부선영,화,3 ,옥601,목,4 ,옥601,,,,
851 ,자연과학대학,수학과,공통,,6030-2-1823-01,해석학2,,,,,,,영어,50 ,,전선,,주,3 ,3 ,이흥수,화,2 ,옥205,목,1 ,옥205,,,,
852 ,자연과학대학,수학과,공통,,6030-2-4562-01,다변수해석학,,,,,,,영어,50 ,,전선,,주,3 ,3 ,이흥수,화,4 ,옥205,목,3 ,옥205,,,,
853 ,자연과학대학,수학과,공통,,6030-2-6419-01,수리통계학및연습2,,,Y,,,,,0 ,,전선,,주,3 ,3 ,부선영,월,4 ,옥601,수,3 ,옥601,,,,
854 ,자연과학대학,수학과,공통,,6030-2-6420-01,회귀분석,,,,,,,,0 ,,전선,,주,3 ,3 ,남주현,월,1 ,옥205,수,2 ,옥205,,,,
855 ,자연과학대학,수학과,공통,,6030-3-1743-01,편미분방정식론,,,,,,,,,,전선,,주,3 ,3 ,최종성,화,3 ,한울204,목,4 ,한울204,,,,
856 ,자연과학대학,수학과,공통,,6030-3-1864-01,현대대수학2,,,,,,,영어,50 ,,전선,,주,3 ,3 ,송영권,월,5 ,옥210-1,수,6 ,옥210-1,,,,
857 ,자연과학대학,수학과,공통,,6030-3-4265-01,복소해석학2,,,,,,,영어,50 ,,전선,,주,3 ,3 ,이흥수,화,6 ,옥205,목,5 ,옥205,,,,
858 ,자연과학대학,수학과,공통,,6030-3-6131-01,빅데이터머신러닝,,Y,,Y,,,,,,전선,,야,3 ,3 ,이진우,금,"7,8",,,,,,,,
859 ,자연과학대학,수학과,공통,,6030-3-8277-01,조합수학,,,,,,,영어,50 ,,전선,,주,3 ,3 ,김상목,월,2 ,옥205,수,1 ,옥205,,,,
860 ,자연과학대학,수학과,공통,,6030-3-8502-01,확률론개론,,,,,,,,0 ,,전선,,주,3 ,3 ,이호석,화,4 ,옥204,목,3 ,옥204,,,,
861 ,자연과학대학,수학과,공통,,6030-4-4992-01,응용대수학,,,,,,,영어,70 ,,전선,,주,3 ,3 ,김태균,화,4 ,옥203,목,3 ,옥203,,,,
862 ,자연과학대학,수학과,공통,,6030-4-8276-01,수론특강,,Y,,Y,,,영어,70 ,,전선,,주,3 ,3 ,김태균,수,4 ,옥601,,,,,,,
863 ,자연과학대학,수학과,공통,,6030-4-8278-01,금융수학특론,,,,,,,,0 ,,전선,,주,3 ,3 ,이호석,화,6 ,옥210-1,목,5 ,옥210-1,,,,
864 ,자연과학대학,수학과,공통,,6030-4-8503-01,조합수학심화세미나,,,,,,,영어,50 ,,전선,,주,3 ,3 ,김상목,월,1 ,옥102,수,2 ,옥102,,,,
865 ,자연과학대학,화학과,공통,,6050-2-0722-01,분석화학2,,,,,,,,,,전선,,주,3 ,3 ,김양래,화,4 ,옥101,목,3 ,옥101,,,,
866 ,자연과학대학,화학과,공통,,6050-2-0799-01,생화학,,,,,,,,0 ,,전선,,주,3 ,3 ,장홍제,화,3 ,옥205,목,4 ,옥205,,,,
867 ,자연과학대학,화학과,공통,,6050-2-0984-01,양자화학1,,,,,,,,,,전선,,주,3 ,3 ,남연식,월,3 ,옥101,수,4 ,옥101,,,,
868 ,자연과학대학,화학과,공통,,6050-2-1136-01,유기화학2,,,,,,,,0 ,,전필,,주,3 ,3 ,전흥배,월,4 ,옥101,수,3 ,옥101,,,,
869 ,자연과학대학,화학과,공통,,6050-2-4903-01,IoT헬스케어서비스제품개발실무,,,,,,Y,,,,전선,,야,2 ,3 ,김양래,수,"7,8,9",옥408,,,,,,,매치업(바이오헬스분야)
870 ,자연과학대학,화학과,공통,,6050-2-9646-01,유기반응디자인및실험2,,,,,,,,,,전선,,주,3 ,5 ,손성윤,월,2 ,옥101,화,"0,1,2",옥401,,,,
871 ,자연과학대학,화학과,공통,,6050-2-9646-02,유기반응디자인및실험2,,,,,,,,,,전선,,주,3 ,5 ,손성윤,월,1 ,옥101,화,"5,6,7",옥401,,,,
872 ,자연과학대학,화학과,공통,,6050-2-9646-03,유기반응디자인및실험2,,,,,,,,0 ,,전선,,주,3 ,5 ,전흥배,월,2 ,옥101,목,"0,1,2",옥401,,,,
873 ,자연과학대학,화학과,공통,,6050-3-0527-01,무기화학2,,,,,,,,0 ,,전선,,주,3 ,3 ,장홍제,화,4 ,옥102,목,3 ,옥102,,,,
874 ,자연과학대학,화학과,공통,,6050-3-1933-01,화학동력학,,,,,,,,,,전선,,주,3 ,3 ,신재호,월,4 ,옥204,수,3 ,옥204,,,,
875 ,자연과학대학,화학과,공통,,6050-3-2848-01,신소재화학2,,,,,,,,0 ,,전선,,주,3 ,3 ,손성윤,화,3 ,옥101,목,4 ,옥101,,,,
876 ,자연과학대학,화학과,공통,,6050-3-7416-01,생유기화학,,,,,,,,0 ,,전선,,주,3 ,3 ,전흥배,월,6 ,옥101,수,5 ,옥101,,,,
877 ,자연과학대학,화학과,공통,,6050-3-7708-01,화학콜로키움,,,,,,,,0 ,,전선,,주,3 ,3 ,장홍제,화,5 ,옥101,목,6 ,옥101,,,,
878 ,자연과학대학,화학과,공통,,6050-3-8507-01,전산화학,,,,,,,,,,전선,,주,3 ,3 ,남연식,금,"3,4",옥210-1,,,,,,,
879 ,자연과학대학,화학과,공통,,6050-3-9648-01,화학분석이론및실험2,,,,,,,,,,전선,,야,3 ,5 ,신재호,월,"5,6,7",옥401,화,7 ,옥101,,,,
880 ,자연과학대학,화학과,공통,,6050-3-9648-02,화학분석이론및실험2,,,,,,,,,,전선,,야,3 ,5 ,김양래,화,7 ,옥101,수,"0,1,2",옥401,,,,
881 ,자연과학대학,화학과,공통,,6050-3-9648-03,화학분석이론및실험2,,,,,,,,,,전선,,야,3 ,5 ,남연식,화,7 ,옥101,수,"5,6,7",옥401,,,,
882 ,자연과학대학,화학과,공통,,6050-4-2850-01,유기분광학,,,,,,,,,,전선,,주,3 ,3 ,김인태,화,6 ,옥101,목,5 ,옥101,,,,
883 ,자연과학대학,화학과,공통,,6050-4-3725-01,에너지소재화학,,,,,,,,0 ,,전선,,주,3 ,3 ,사영진,월,4 ,옥210-1,수,3 ,옥210-1,,,,
884 ,자연과학대학,화학과,공통,,6050-4-4163-01,캡스톤설계,,,,,,,,0 ,,전선,,주,3 ,3 ,장홍제,금,"3,4",옥101,,,,,,,
885 ,자연과학대학,화학과,공통,,6050-4-9650-01,복합재료화학이론및실험2,,,,,,,,0 ,,전선,,주,3 ,5 ,사영진,월,7 ,옥101,금,"0,1,2",옥401,,,,
886 ,자연과학대학,화학과,공통,,6050-4-9650-02,복합재료화학이론및실험2,,,,,,,,0 ,,전선,,야,3 ,5 ,장홍제,월,7 ,옥101,금,"5,6,7",옥401,,,,
887 ,자연과학대학,화학과,공통,,6050-4-9651-01,4차산업과화학,,,,,,,,,,전선,,주,3 ,3 ,신재호,월,3 ,옥204,수,4 ,옥204,,,,
888 ,자연과학대학,전자바이오물리학과,공통,,6100-2-0582-01,물리학개론,,,,,,,영어,50 ,,전선,,주,3 ,3 ,권기청,화,3 ,옥102,목,4 ,옥102,,,,
889 ,자연과학대학,전자바이오물리학과,공통,,6100-2-1411-01,전자기학1,,,,,,,,0 ,,전필,,주,3 ,3 ,정란주,월,4 ,옥102,수,3 ,옥102,,,,
890 ,자연과학대학,전자바이오물리학과,공통,,6100-2-1459-01,전자학2,,,,,,,,0 ,,전선,,주,3 ,3 ,최은하,화,1 ,옥102,목,2 ,옥102,,,,
891 ,자연과학대학,전자바이오물리학과,공통,,6100-2-1461-01,전자학실험2,,,,,,,,,,전선,,야,2 ,4 ,이현규,수,"7,8,9,10",옥302,,,,,,,
892 ,자연과학대학,전자바이오물리학과,공통,,6100-2-4566-01,물리수학2,,,Y,,,,,0 ,,전선,,주,3 ,3 ,서윤호,월,2 ,옥102,,,,,,,
893 ,자연과학대학,전자바이오물리학과,공통,,6100-2-6250-01,시뮬레이션물리학,,,,,,,,,,전선,,주,3 ,3 ,이현규,금,"3,4",비501,,,,,,,
894 ,자연과학대학,전자바이오물리학과,공통,,6100-2-9642-01,생체재료학,,,,,,,영어,50 ,,전선,,주,3 ,3 ,박봉주,금,"5,6",옥210-1,,,,,,,
895 ,자연과학대학,전자바이오물리학과,공통,,6100-2-9723-01,양자물리개론,,,,,,,,0 ,,전선,,주,3 ,3 ,정란주,화,6 ,옥102,목,5 ,옥102,,,,
896 ,자연과학대학,전자바이오물리학과,공통,,6100-3-0241-01,광학,,,,,,,영어,50 ,,전선,,주,3 ,3 ,박병주,화,5 ,옥102,목,6 ,옥102,,,,
897 ,자연과학대학,전자바이오물리학과,공통,,6100-3-0636-01,반도체소자물리학2,,,,,,,,0 ,,전선,,주,3 ,3 ,김윤기,월,5 ,옥102,수,6 ,옥102,,,,
898 ,자연과학대학,전자바이오물리학과,공통,,6100-3-2871-01,마이크로파물리학,,,,,,,,,,전선,,주,3 ,3 ,이현규,월,3 ,옥102,수,4 ,옥102,,,,
899 ,자연과학대학,전자바이오물리학과,공통,,6100-3-4568-01,광전자실험,,,,,,,,0 ,,전선,,주,3 ,6 ,김윤기,금,"5,6,7,9",옥501,,,,,,,
900 ,자연과학대학,전자바이오물리학과,공통,,6100-3-4569-01,정보디스플레이개론,,,,,,,영어,50 ,,전선,,주,3 ,3 ,박병주,화,3 ,옥203,목,4 ,옥203,,,,
901 ,자연과학대학,전자바이오물리학과,공통,,6100-3-9644-01,바이오환경물리학,,,,,,,,0 ,,전선,,주,3 ,3 ,박경순,월,6 ,옥210-1,수,5 ,옥210-1,,,,
902 ,자연과학대학,전자바이오물리학과,공통,,6100-4-2302-01,플라즈마물리학,,,,,,,영어,50 ,,전선,,주,3 ,3 ,권기청,화,4 ,옥210-1,목,3 ,옥210-1,,,,
903 ,자연과학대학,전자바이오물리학과,공통,,6100-4-4572-01,디스플레이소자실험,,,,,,,,0 ,,전선,,야,2 ,4 ,박병주,화,"7,8,9,10",옥501,,,,,,,
904 ,자연과학대학,전자바이오물리학과,공통,,6100-4-5694-01,경력개발과취업전략,,,,,,,,0 ,,전선,,주,2 ,2 ,권기청,수,"6,7",옥103,,,,,,,
905 ,자연과학대학,전자바이오물리학과,공통,,6100-4-6549-01,학부논문연구2,,,,,,,,0 ,,전선,,야,1 ,3 ,박경순,목,"7,8,9",옥102,,,,,,,
906 ,자연과학대학,정보콘텐츠학과,공통,,6120-4-3199-01,시스템보안실습,,,,,Y,,,0 ,,전선,,주,3 ,4 ,변정수,토,"0,1,2",연202,,,,,,,
907 ,자연과학대학,정보콘텐츠학과,공통,,6120-4-5737-01,게임산업과정책,,,,,Y,,,0 ,,전선,,주,3 ,3 ,이현구,토,"5,6",새빛203,,,,,,,
908 ,자연과학대학,정보콘텐츠학과,공통,,6120-4-7892-01,모바일앱기획및제작,,,,,Y,,,0 ,,전선,,야,3 ,3 ,정미아,화,"9,10,11",연202,,,,,,,
909 ,자연과학대학,정보콘텐츠학과,공통,,6120-4-7894-01,게임디자인,,,,,Y,,,,,전선,,야,3 ,3 ,원일석,수,"9,10,11",연201,,,,,,,
910 ,자연과학대학,정보콘텐츠학과,공통,,6120-4-7898-01,실무프로젝트2,,,,,Y,,,0 ,,전선,,주,3 ,3 ,손광철,토,"3,4",새빛203,,,,,,,
911 ,자연과학대학,스포츠융합과학과,공통,,6130-1-4462-01,오리엔티어링2,,,,,,,,0 ,P1,전선,,주,2 ,2 ,이옥진,화,"3,4",옥304,,,,,,,
912 ,자연과학대학,스포츠융합과학과,공통,,6130-1-4462-02,오리엔티어링2,,,,,,,,0 ,P1,전선,,주,2 ,2 ,이옥진,화,"1,2",옥304,,,,,,,
913 ,자연과학대학,스포츠융합과학과,공통,,6130-1-4463-01,운동발달,,,,,,,,0 ,P1,전선,,주,3 ,3 ,이옥진,화,"5,6",옥304,,,,,,,
914 ,자연과학대학,스포츠융합과학과,공통,,6130-1-4463-02,운동발달,,,,,,,,0 ,P1,전선,,야,3 ,3 ,이옥진,화,"7,8,9",옥304,,,,,,,
915 ,자연과학대학,스포츠융합과학과,공통,,6130-2-1234-01,진로탐색및설계,,Y,,Y,,,,,,전선,,주,1 ,2 ,이효근,금,"10,11",옥304,,,,,,,
916 ,자연과학대학,스포츠융합과학과,공통,,6130-2-3217-01,트레이닝방법론,,,,,,,,0 ,,전선,,주,3 ,3 ,박석,목,"5,6",옥210,,,,,,,
917 ,자연과학대학,스포츠융합과학과,공통,,6130-2-3217-02,트레이닝방법론,,,,,,,,0 ,,전선,,야,3 ,3 ,정문용,수,"7,8,9",옥304,,,,,,,
918 ,자연과학대학,스포츠융합과학과,공통,,6130-2-5492-01,스포츠미디어,,,,,,,,,,전선,,주,3 ,3 ,구송광,수,"3,4",옥304,,,,,,,
919 ,자연과학대학,스포츠융합과학과,공통,,6130-2-5492-02,스포츠미디어,,Y,,Y,,,영어,50 ,,전선,,주,3 ,3 ,이경훈,월,"10,11,12",옥304,,,,,,,
920 ,자연과학대학,스포츠융합과학과,공통,,6130-2-5730-01,스포츠역학,,,,,,,,,,전필,,주,3 ,3 ,이효근,월,"5,6",옥304,,,,,,,
921 ,자연과학대학,스포츠융합과학과,공통,,6130-2-5730-02,스포츠역학,,,,,,,,,,전필,,야,3 ,3 ,이효근,월,"7,8,9",옥304,,,,,,,
922 ,자연과학대학,스포츠융합과학과,공통,,6130-2-5731-01,ICT와스포츠과학,,,,,,,,,,전선,,주,3 ,3 ,변경석,화,"5,6",옥210,,,,,,,
923 ,자연과학대학,스포츠융합과학과,공통,,6130-2-5731-02,ICT와스포츠과학,,,,,,,,,,전선,,야,3 ,3 ,변경석,화,"7,8,9",옥210,,,,,,,
924 ,자연과학대학,스포츠융합과학과,공통,,6130-2-6551-01,전공축구2,,,,,,,,0 ,,전선,,주,3 ,3 ,문한진,월,"1,2",옥304,,,,,,,
925 ,자연과학대학,스포츠융합과학과,공통,,6130-2-6552-01,운동학습및제어,,,,,,,,0 ,,전선,,주,3 ,3 ,이옥진,수,"5,6",옥304,,,,,,,
926 ,자연과학대학,스포츠융합과학과,공통,,6130-2-8511-01,라켓스포츠2,,,,,,,,0 ,,전선,,주,3 ,3 ,이동수,목,"1,2",옥304,,,,,,,
927 ,자연과학대학,스포츠융합과학과,공통,,6130-3-3728-01,스포츠손상및재활,,,,,,,,0 ,,전선,,주,3 ,3 ,이진,수,"1,2",옥304,,,,,,,
928 ,자연과학대학,스포츠융합과학과,공통,,6130-3-3728-02,스포츠손상및재활,,,,,,,,0 ,,전선,,야,3 ,3 ,이진,화,"7,8,9",옥210-1,,,,,,,
929 ,자연과학대학,스포츠융합과학과,공통,,6130-3-5268-01,전공골프2,,,,,,,,0 ,,전선,,주,3 ,3 ,김재형,월,"3,4",옥304,,,,,,,
930 ,자연과학대학,스포츠융합과학과,공통,,6130-3-5268-02,전공골프2,,,,,,,,0 ,,전선,,주,3 ,3 ,이경훈,수,"10,11,12",옥304,,,,,,,
931 ,자연과학대학,스포츠융합과학과,공통,,6130-3-5493-01,동계스포츠,,,,,,,,0 ,,전선,,주,3 ,3 ,박석,목,"3,4",옥210,,,,,,,
932 ,자연과학대학,스포츠융합과학과,공통,,6130-3-5493-02,동계스포츠,,,,,,,,,,전선,,야,3 ,3 ,박성원,금,"7,8,9",옥304,,,,,,,
933 ,자연과학대학,스포츠융합과학과,공통,,6130-3-5735-01,스포츠복지와노인체육,,,,,,,,,,전필,,주,3 ,3 ,구송광,수,"5,6",옥205,,,,,,,
934 ,자연과학대학,스포츠융합과학과,공통,,6130-3-5735-02,스포츠복지와노인체육,,Y,,Y,,,영어,50 ,,전필,,야,3 ,3 ,이경훈,월,"7,8,9",옥210,,,,,,,
935 ,자연과학대학,스포츠융합과학과,공통,,6130-3-5736-01,임상역학,,,,,,,,,,전선,,주,3 ,3 ,이효근,화,"5,6",옥206,,,,,,,
936 ,자연과학대학,스포츠융합과학과,공통,,6130-3-7378-01,스포츠카운셀링,,,,,,,,0 ,,전선,,주,3 ,3 ,한지영,목,"5,6",옥207,,,,,,,
937 ,자연과학대학,스포츠융합과학과,공통,,6130-3-7378-02,스포츠카운셀링,,,,,,,,0 ,,전선,,야,3 ,3 ,한지영,목,"7,8,9",옥304,,,,,,,
938 ,자연과학대학,스포츠융합과학과,공통,,6130-4-5022-01,현장실습2,,,,,,,,0 ,,전선,,주,3 ,3 ,최석환,금,"3,4",옥304,,,,,,,
939 ,자연과학대학,스포츠융합과학과,공통,,6130-4-5022-02,현장실습2,,,,,,,,0 ,,전선,,야,3 ,3 ,이경훈,수,"7,8,9",옥210,,,,,,,
940 ,자연과학대학,스포츠융합과학과,공통,,6130-4-5878-01,특수체육,,,,,,,,0 ,,전선,,주,3 ,3 ,조은혜,월,"5,6",옥210,,,,,,,
941 ,자연과학대학,스포츠융합과학과,공통,,6130-4-6554-01,운동검사및처방,,,,,,,,0 ,,전선,,주,3 ,3 ,성준영,화,"5,6",옥207,,,,,,,
942 ,자연과학대학,스포츠융합과학과,공통,,6130-4-6554-02,운동검사및처방,,,,,,,,,,전선,,야,3 ,3 ,임원현,화,"7,8,9",옥207,,,,,,,
943 ,전자정보공과대학,공통,공통,,7000-1-2957-01,공학설계입문,,,,,,,,0 ,E2,전선,,주,3 ,3 ,지정주,금,"1,2",참B107,,,,,,,
944 ,전자정보공과대학,공통,공통,,7000-1-2957-02,공학설계입문,,,,,,,,0 ,"E2,E3",전선,,주,3 ,3 ,지정주,금,"5,6",비619,,,,,,,
945 ,전자정보공과대학,공통,공통,,7000-1-2957-03,공학설계입문,,,,,,,,0 ,"E5,E6",전선,,주,3 ,3 ,박수원,월,5 ,비618,수,6 ,비618,,,,
946 ,전자정보공과대학,공통,공통,,7000-1-2957-04,공학설계입문,,,,,,,,0 ,"E5,E6",전선,,주,3 ,3 ,박수원,월,6 ,비618,수,5 ,비618,,,,
947 ,전자정보공과대학,공통,공통,,7000-1-2957-05,공학설계입문,,,,,,,,,"E7,E8",전선,,주,3 ,3 ,김정현,금,"3,4",참B103,,,,,,,
948 ,전자정보공과대학,공통,공통,,7000-1-2957-06,공학설계입문,,,,,,,,,"J3,J4",전선,,주,3 ,3 ,고승훈,화,4 ,비418,목,3 ,비418,,,,
949 ,전자정보공과대학,공통,공통,,7000-2-5461-01,기술인문융합기반창업,,,,,,,영어,100 ,,전선,,주,3 ,3 ,김종헌,금,"3,4",비504,,,,,,,창업 교과목
950 ,전자정보공과대학,공통,공통,,7000-3-0875-01,수치해석,,,,,,,영어,50 ,,전선,,주,3 ,3 ,박수원,월,2 ,비618,수,1 ,비618,,,,
951 ,전자정보공과대학,공통,공통,,7000-3-3270-01,전자및에너지재료공학,,,,,,,,0 ,,전선,,야,3 ,3 ,임휘윤,화,"7,8,9",비714,,,,,,,
952 ,전자정보공과대학,공통,공통,,7000-3-3766-01,신소재의원리와응용,Y,Y,,,,,,,,전선,,야,3 ,3 ,손희상,월,"7,8,9",비714,,,,,,,
953 ,전자정보공과대학,공통,공통,,7000-4-5056-01,반도체공학콜로키움,,,,,,,,0 ,,전선,,주,3 ,3 ,신현철,금,"5,6",비419,,,,,,,
954 ,전자정보공과대학,공통,공통,,7000-4-8478-01,ICT창업프로젝트와지식재산권,,,,,,,,,,전선,,주,3 ,3 ,조용천,화,"5,6",기301,,,,,,,창업 교과목
955 ,전자정보공과대학,공통,공통,,7000-4-8483-01,머신러닝,,,,,,,,0 ,,전선,,주,3 ,3 ,정용진,금,"3,4",비517,,,,,,,
956 ,전자정보공과대학,전자공학과,공통,,7060-2-0575-01,물리전자2,,,Y,,,,,,,전선,,주,3 ,3 ,박하민,수,2 ,참102,,,,,,,
957 ,전자정보공과대학,전자공학과,공통,,7060-2-0575-02,물리전자2,,Y,,Y,,,,,,전선,,주,3 ,3 ,김기욱,목,2 ,,,,,,,,
958 ,전자정보공과대학,전자공학과,공통,,7060-2-1412-01,전자기학2,,,,,,,,0 ,,전선,,주,3 ,3 ,김정근,월,1 ,참B107,수,2 ,참B107,,,,
959 ,전자정보공과대학,전자공학과,공통,,7060-2-1412-02,전자기학2,,,Y,,,,,,,전선,,주,3 ,3 ,정훈,수,1 ,비619,,,,,,,
960 ,전자정보공과대학,전자공학과,공통,,7060-2-1647-01,컴퓨터구조,,,Y,,,,영어,50 ,,전선,,주,3 ,3 ,김영억,월,5 ,비619,,,,,,,
961 ,전자정보공과대학,전자공학과,공통,,7060-2-1996-01,회로이론2,,,Y,,,,,,,전선,,주,3 ,3 ,김현수,화,2 ,참B107,,,,,,,
962 ,전자정보공과대학,전자공학과,공통,,7060-2-1996-02,회로이론2,,,Y,,,,,,,전선,,주,3 ,3 ,김기욱,목,4 ,참B107,,,,,,,
963 ,전자정보공과대학,전자공학과,공통,,7060-2-2004-01,신호및시스템,,,Y,,,,영어,50 ,,전선,,주,3 ,3 ,박호종,수,4 ,참B107,,,,,,,
964 ,전자정보공과대학,전자공학과,공통,,7060-2-2004-02,신호및시스템,,,Y,,,,영어,50 ,,전선,,주,3 ,3 ,박호종,수,3 ,참B107,,,,,,,
965 ,전자정보공과대학,전자공학과,공통,,7060-2-2004-03,신호및시스템,,,Y,,,,영어,50 ,,전선,,주,3 ,3 ,김영억,월,6 ,비619,,,,,,,
966 ,전자정보공과대학,전자공학과,공통,,7060-2-4513-01,기초전자회로및실험2,,,,,,,영어,50 ,,전필,,주,3 ,4 ,유지상,화,"5,6,7",비601,,,,,,,
967 ,전자정보공과대학,전자공학과,공통,,7060-2-4513-02,기초전자회로및실험2,,,,,,,,,,전필,,주,3 ,4 ,박재영,화,"5,6,7",비602,,,,,,,
968 ,전자정보공과대학,전자공학과,공통,,7060-2-4513-03,기초전자회로및실험2,,,,,,,,,,전필,,주,3 ,4 ,박하민,목,"5,6,7",비601,,,,,,,
969 ,전자정보공과대학,전자공학과,공통,,7060-2-4513-04,기초전자회로및실험2,,,,,,,,,,전필,,주,3 ,4 ,정훈,목,"5,6,7",비602,,,,,,,
970 ,전자정보공과대학,전자공학과,공통,,7060-2-4513-05,기초전자회로및실험2,,,,,,,,,,전필,,주,3 ,4 ,윤창용,금,"5,6,7",비602,,,,,,,
971 ,전자정보공과대학,전자공학과,공통,,7060-2-4513-06,기초전자회로및실험2,,,,,,,,0 ,,전필,,주,3 ,4 ,장성만,화,"5,6,7",비520,,,,,,,
972 ,전자정보공과대학,전자공학과,공통,,7060-2-4513-07,기초전자회로및실험2,,,,,,,,0 ,,전필,,주,3 ,4 ,장성만,목,"5,6,7",비520,,,,,,,
973 ,전자정보공과대학,전자공학과,공통,,7060-2-4513-08,기초전자회로및실험2,,,,,,,,0 ,,전필,,주,3 ,4 ,장성만,금,"5,6,7",비520,,,,,,,
974 ,전자정보공과대학,전자공학과,공통,,7060-3-0419-01,데이타통신,,,Y,,,,,0 ,,전선,,주,3 ,3 ,정영욱,수,4 ,비619,,,,,,,
975 ,전자정보공과대학,전자공학과,공통,,7060-3-0458-01,디지털신호처리,,,Y,,,,영어,50 ,,전선,,주,3 ,3 ,유지상,목,3 ,참B105,,,,,,,
976 ,전자정보공과대학,전자공학과,공통,,7060-3-0458-02,디지털신호처리,,,Y,,,,,0 ,,전선,,주,3 ,3 ,채성호,목,4 ,비619,,,,,,,
977 ,전자정보공과대학,전자공학과,공통,,7060-3-1464-01,전자회로2,,,,,,,,0 ,,전선,,주,3 ,3 ,김정근,월,2 ,참B107,수,1 ,참B107,,,,
978 ,전자정보공과대학,전자공학과,공통,,7060-3-1464-02,전자회로2,,,,,,,영어,50 ,,전선,,주,3 ,3 ,오태현,화,5 ,참B107,목,6 ,참B107,,,,
979 ,전자정보공과대학,전자공학과,공통,,7060-3-1723-01,통신이론2,,,Y,,,,,0 ,,전선,,주,3 ,3 ,채성호,목,5 ,비619,,,,,,,
980 ,전자정보공과대학,전자공학과,공통,,7060-3-6529-01,반도체공정및응용,,,,,,,,,,전선,,주,3 ,3 ,박재영,월,4 ,비619,수,3 ,비619,,,,
981 ,전자정보공과대학,전자공학과,공통,,7060-3-6529-02,반도체공정및응용,,,Y,,,,,,,전선,,주,3 ,3 ,김현수,화,4 ,참B107,,,,,,,
982 ,전자정보공과대학,전자공학과,공통,,7060-3-6529-03,반도체공정및응용,,,Y,,,,,,,전선,,주,3 ,3 ,박하민,월,2 ,참102,,,,,,,
983 ,전자정보공과대학,전자공학과,공통,,7060-3-6529-04,반도체공정및응용,,,Y,,,,,,,전선,,주,3 ,3 ,정훈,수,2 ,비619,,,,,,,
984 ,전자정보공과대학,전자공학과,공통,,7060-3-7732-01,전자공학응용실험,,,,,,,,0 ,,전필,,주,3 ,4 ,박호종,수,"5,6,7",비601,,,,,,,
985 ,전자정보공과대학,전자공학과,공통,,7060-3-7732-02,전자공학응용실험,,,,,,,,0 ,,전필,,주,3 ,4 ,김정근,금,"5,6,7",비601,,,,,,,
986 ,전자정보공과대학,전자공학과,공통,,7060-3-7732-03,전자공학응용실험,,,,,,,,,,전필,,주,3 ,4 ,김현수,월,"5,6,7",비601,,,,,,,
987 ,전자정보공과대학,전자공학과,공통,,7060-3-7732-04,전자공학응용실험,,,,,,,,,,전필,,주,3 ,4 ,윤창용,월,"5,6,7",비602,,,,,,,
988 ,전자정보공과대학,전자공학과,공통,,7060-3-7732-05,전자공학응용실험,,,,,,,,,,전필,,주,3 ,4 ,윤창용,수,"5,6,7",비602,,,,,,,
989 ,전자정보공과대학,전자공학과,공통,,7060-3-8056-01,디지털집적회로설계,,,,,,,영어,50 ,,전선,,주,3 ,3 ,오태현,화,6 ,참B107,목,5 ,참B107,,,,
990 ,전자정보공과대학,전자통신공학과,공통,,7070-2-1234-01,진로탐색및설계,,Y,,Y,,,,,,전선,,주,1 ,2 ,박찬형,금,"1,2",,,,,,,,
991 ,전자정보공과대학,전자통신공학과,공통,,7070-2-1412-01,전자기학2,,,,,,,,0 ,,전선,,주,3 ,3 ,송익환,화,3 ,비618,목,4 ,비618,,,,
992 ,전자정보공과대학,전자통신공학과,공통,,7070-2-1996-01,회로이론2,,Y,,Y,,,영어,50 ,,전선,,주,3 ,3 ,채주형,금,"5,6",,,,,,,,
993 ,전자정보공과대학,전자통신공학과,공통,,7070-2-2004-01,신호및시스템,,,,,,,,,,전선,,주,3 ,3 ,최영석,월,5 ,참B103,수,6 ,참B103,,,,
994 ,전자정보공과대학,전자통신공학과,공통,,7070-2-2004-02,신호및시스템,,,,,,,,,,전선,,주,3 ,3 ,최영석,월,6 ,참B103,수,5 ,참B103,,,,
995 ,전자정보공과대학,전자통신공학과,공통,,7070-2-4020-01,기초전자회로실험2,,,,,,,,,,전필,,주,3 ,4 ,민상원,화,"5,6,7",비521,,,,,,,
996 ,전자정보공과대학,전자통신공학과,공통,,7070-2-4020-02,기초전자회로실험2,,,,,,,,0 ,,전필,,주,3 ,4 ,오혁준,수,"0,1,2",비414,,,,,,,
997 ,전자정보공과대학,전자통신공학과,공통,,7070-2-4020-03,기초전자회로실험2,,,,,,,,,,전필,,주,3 ,4 ,박상준,수,"0,1,2",비521,,,,,,,
998 ,전자정보공과대학,전자통신공학과,공통,,7070-2-4935-01,반도체소자,,,,,,,,,,전선,,주,3 ,3 ,박찬형,화,1 ,비618,목,2 ,비618,,,,
999 ,전자정보공과대학,전자통신공학과,공통,,7070-2-4935-02,반도체소자,,,,,,,,0 ,,전선,,주,3 ,3 ,정인영,월,4 ,비618,수,3 ,비618,,,,
1000 ,전자정보공과대학,전자통신공학과,공통,,7070-2-7777-01,객체지향프로그래밍,,Y,,Y,,,,,,전선,,야,3 ,3 ,손채봉,수,"7,8,9",,,,,,,,
1001 ,전자정보공과대학,전자통신공학과,공통,,7070-3-0488-01,마이크로파공학,,,,,,,,0 ,,전선,,주,3 ,3 ,송익환,화,5 ,참102,목,6 ,참102,,,,
1002 ,전자정보공과대학,전자통신공학과,공통,,7070-3-1464-01,전자회로2,,,,,,,영어,50 ,,전선,,주,3 ,3 ,채주형,화,3 ,참B105,목,4 ,참B105,,,,
1003 ,전자정보공과대학,전자통신공학과,공통,,7070-3-1473-01,전자회로실험2,,,,,,,,,,전필,,주,3 ,4 ,박찬형,수,"5,6,7",비414,,,,,,,
1004 ,전자정보공과대학,전자통신공학과,공통,,7070-3-1473-02,전자회로실험2,,,,,,,,0 ,,전필,,주,3 ,4 ,정인영,화,"0,1,2",비414,,,,,,,
1005 ,전자정보공과대학,전자통신공학과,공통,,7070-3-1473-03,전자회로실험2,,,,,,,,0 ,,전필,,주,3 ,4 ,장주용,수,"5,6,7",비521,,,,,,,
1006 ,전자정보공과대학,전자통신공학과,공통,,7070-3-1655-01,컴퓨터네트워크,,,,,,,,,,전선,,주,3 ,3 ,민상원,화,4 ,비618,목,3 ,비618,,,,
1007 ,전자정보공과대학,전자통신공학과,공통,,7070-3-3100-01,데이터사이언스,,,,,,,영어,50 ,,전선,,주,3 ,3 ,오혁준,월,3 ,참B103,수,4 ,참B103,,,,
1008 ,전자정보공과대학,전자통신공학과,공통,,7070-3-4986-01,무선통신,,,,,,,,,,전선,,주,3 ,3 ,박상준,화,6 ,참B103,목,5 ,참B103,,,,
1009 ,전자정보공과대학,전자통신공학과,공통,,7070-3-5694-01,경력개발과취업전략,,,,,,,,,,전선,,주,2 ,2 ,손채봉,월,"6,7",비702,,,,,,,
1010 ,전자정보공과대학,전자통신공학과,공통,,7070-3-6531-01,시스템반도체설계,,,,,,,영어,50 ,,전선,,주,3 ,3 ,오혁준,월,4 ,참B103,수,3 ,참B103,,,,
1011 ,전자정보공과대학,전자통신공학과,공통,,7070-3-6718-01,예비캡스톤설계,,,,,,,,,,전선,,주,3 ,3 ,박상준,금,"3,4",비618,,,,,,,
1012 ,전자정보공과대학,전자통신공학과,공통,,7070-4-2104-01,집적회로설계,,,,,,,,0 ,,전선,,주,3 ,3 ,정인영,월,6 ,참102,수,5 ,참102,,,,
1013 ,전자정보공과대학,전자통신공학과,공통,,7070-4-2676-01,멀티미디어공학,,,,,,,,,,전선,,주,3 ,3 ,손채봉,월,2 ,비702,수,1 ,비702,,,,
1014 ,전자정보공과대학,전자통신공학과,공통,,7070-4-4936-01,무선통신네트워크,,,,,,,,,,전선,,주,3 ,3 ,민상원,화,3 ,참B103,목,4 ,참B103,,,,
1015 ,전자정보공과대학,전기공학과,공통,,7320-2-1412-01,전자기학2,,Y,,Y,,,,0 ,,전선,,주,3 ,3 ,허돈,화,1 ,,,,,,,,
1016 ,전자정보공과대학,전기공학과,공통,,7320-2-1996-01,회로이론2,,,,,,,,,,전필,,주,3 ,3 ,이태훈,월,2 ,비211,수,1 ,비211,,,,
1017 ,전자정보공과대학,전기공학과,공통,,7320-2-1996-02,회로이론2,,,,,,,영어,100 ,,전필,,주,3 ,3 ,이준형,화,6 ,비211,목,5 ,비211,,,,
1018 ,전자정보공과대학,전기공학과,공통,,7320-2-6146-01,전기전자물성공학,,,,,,,,,,전선,,주,3 ,3 ,이태훈,화,2 ,비211,목,1 ,비211,,,,
1019 ,전자정보공과대학,전기공학과,공통,,7320-2-6234-01,전자회로기초,,Y,,Y,,,,0 ,,전선,,주,3 ,3 ,김형석,목,3 ,,,,,,,,
1020 ,전자정보공과대학,전기공학과,공통,,7320-2-6234-02,전자회로기초,,,Y,,,,,0 ,,전선,,주,3 ,3 ,안창범,수,4 ,비211,,,,,,,
1021 ,전자정보공과대학,전기공학과,공통,,7320-2-6901-01,교류및전자회로실험,,,,,,,,0 ,,전필,,주,3 ,4 ,김형석,목,"5,6,7",비212,,,,,,,
1022 ,전자정보공과대학,전기공학과,공통,,7320-2-6901-02,교류및전자회로실험,,,,,,,,0 ,,전필,,주,3 ,4 ,이도환,월,"5,6,7",비212,,,,,,,
1023 ,전자정보공과대학,전기공학과,공통,,7320-2-6901-03,교류및전자회로실험,,,,,,,,,,전필,,주,3 ,4 ,이태훈,화,"5,6,7",비212,,,,,,,
1024 ,전자정보공과대학,전기공학과,공통,,7320-3-0458-01,디지털신호처리,,,,,,,,0 ,,전선,,주,3 ,3 ,김형석,금,"3,4",참B105,,,,,,,
1025 ,전자정보공과대학,전기공학과,공통,,7320-3-1284-01,전기공학세미나,,Y,,,,,,0 ,,전선,,주,1 ,1 ,이기백,목,5 ,,,,,,,,
1026 ,전자정보공과대학,전기공학과,공통,,7320-3-1294-01,전기기계2,,,,,,,,,,전선,,주,3 ,3 ,정승기,금,"1,2",비211,,,,,,,
1027 ,전자정보공과대학,전기공학과,공통,,7320-3-1360-01,전력전자공학,,,,,,,,0 ,,전선,,주,3 ,3 ,이준형,월,5 ,비211,수,6 ,비211,,,,
1028 ,전자정보공과대학,전기공학과,공통,,7320-3-1523-01,제어공학1,,,,,,,,0 ,,전선,,주,3 ,3 ,이기백,화,3 ,비211,목,4 ,비211,,,,
1029 ,전자정보공과대학,전기공학과,공통,,7320-3-3102-01,최신전기공학주제탐구,,,,,,,,0 ,,전선,,주,3 ,3 ,이도환,화,5 ,비211,목,6 ,비211,,,,
1030 ,전자정보공과대학,전기공학과,공통,,7320-3-4053-01,전력기기실험,,,,,,,,,,전필,,주,3 ,4 ,송승호,목,"0,1,2",비213,,,,,,,
1031 ,전자정보공과대학,전기공학과,공통,,7320-3-4053-02,전력기기실험,,,,,,,,0 ,,전필,,주,3 ,4 ,이기백,화,"0,1,2",비213,,,,,,,
1032 ,전자정보공과대학,전기공학과,공통,,7320-3-4053-03,전력기기실험,,,,,,,,0 ,,전필,,주,3 ,4 ,이준형,수,"0,1,2",비213,,,,,,,
1033 ,전자정보공과대학,전기공학과,공통,,7320-3-9620-01,반도체및나노공정,,,,,,,,,,전선,,주,3 ,3 ,이태훈,화,4 ,참102,목,3 ,참102,,,,
1034 ,전자정보공과대학,전기공학과,공통,,7320-4-3106-01,전기자동차공학,,,,,,,,,,전선,,주,3 ,3 ,송승호,월,2 ,참B103,수,1 ,참B103,,,,
1035 ,전자정보공과대학,전기공학과,공통,,7320-4-3107-01,인공지능응용,,,Y,,,,,0 ,,전선,,주,3 ,3 ,이기백,화,4 ,비211,목,3 ,비211,,,,
1036 ,전자정보공과대학,전기공학과,공통,,7320-4-4163-01,캡스톤설계,,,,,,,,0 ,,전선,,주,3 ,3 ,이기백,금,"5,6",비213,,,,,,,
1037 ,전자정보공과대학,전기공학과,공통,,7320-4-6245-01,스마트그리드운용,,,,,,,,0 ,,전선,,주,3 ,3 ,차준상,금,"3,4",비211,,,,,,,
1038 ,전자정보공과대학,전기공학과,공통,,7320-4-6348-01,융합소자기술,,,,,,,,0 ,,전선,,주,3 ,3 ,이도환,월,4 ,비211,수,3 ,비211,,,,
1039 ,전자정보공과대학,전기공학과,공통,,7320-4-6903-01,전력경제학,,,,,,,,0 ,,전선,,주,3 ,3 ,허돈,금,"1,2",참B105,,,,,,,
1040 ,전자정보공과대학,전자재료공학과,공통,,7340-1-1436-01,전자재료공학개론,,Y,,Y,,,,0 ,"J3,J4",전선,,주,3 ,3 ,오종민,화,2 ,,목,1 ,,,,,
1041 ,전자정보공과대학,전자재료공학과,공통,,7340-2-0454-01,디지털논리회로2,,,,,,,,0 ,,전선,,주,3 ,3 ,김동욱,월,6 ,비419,수,5 ,비419,,,,
1042 ,전자정보공과대학,전자재료공학과,공통,,7340-2-0575-01,물리전자2,,,,,,,,,,전필,,주,3 ,3 ,김민경,월,1 ,참B103,수,2 ,참B103,,,,
1043 ,전자정보공과대학,전자재료공학과,공통,,7340-2-1412-01,전자기학2,,,,,,,,,,전선,,주,3 ,3 ,이강천,월,3 ,참B105,수,4 ,참B105,,,,
1044 ,전자정보공과대학,전자재료공학과,공통,,7340-2-1996-01,회로이론2,,,Y,,,,영어,50 ,,전선,,주,3 ,3 ,하태준,월,4 ,참B107,,,,,,,
1045 ,전자정보공과대학,전자재료공학과,공통,,7340-2-3587-01,기초회로실험및설계2,,,,,,,,,,전필,,주,3 ,4 ,구상모,화,"5,6,7",비418,,,,,,,
1046 ,전자정보공과대학,전자재료공학과,공통,,7340-2-3587-02,기초회로실험및설계2,,,,,,,,0 ,,전필,,야,3 ,4 ,서영호,화,"8,9,10,11",비418,,,,,,,
1047 ,전자정보공과대학,전자재료공학과,공통,,7340-2-3587-03,기초회로실험및설계2,,,,,,,,,,전필,,주,3 ,4 ,이강천,목,"5,6,7",비418,,,,,,,
1048 ,전자정보공과대학,전자재료공학과,공통,,7340-3-0241-01,광학,,,,,,,,0 ,,전선,,주,3 ,3 ,서영호,화,6 ,비419,목,5 ,비419,,,,
1049 ,전자정보공과대학,전자재료공학과,공통,,7340-3-1464-01,전자회로2,,,,,,,,,,전선,,주,3 ,3 ,고승훈,화,3 ,참105,목,4 ,참105,,,,
1050 ,전자정보공과대학,전자재료공학과,공통,,7340-3-3856-01,진공공학2,,,,,,,,0 ,,전선,,주,3 ,3 ,김진영,수,"1,2",비419,,,,,,,
1051 ,전자정보공과대학,전자재료공학과,공통,,7340-3-4865-01,전자재료물성실험및설계2,,,,,,,영어,50 ,,전필,,주,3 ,4 ,조원주,금,"0,1,2",비418,,,,,,,
1052 ,전자정보공과대학,전자재료공학과,공통,,7340-3-4865-02,전자재료물성실험및설계2,,,,,,,,0 ,,전필,,주,3 ,4 ,하태준,월,"5,6,7",비418,,,,,,,
1053 ,전자정보공과대학,전자재료공학과,공통,,7340-3-4865-03,전자재료물성실험및설계2,,,,,,,영어,50 ,,전필,,주,3 ,4 ,조원주,금,"3,4,5",비418,,,,,,,
1054 ,전자정보공과대학,전자재료공학과,공통,,7340-3-5863-01,반도체소자공학2,,,Y,,,,,,,전선,,주,3 ,3 ,구상모,월,3 ,비419,,,,,,,
1055 ,전자정보공과대학,전자재료공학과,공통,,7340-3-5864-01,재료상평형,,,Y,,,,,0 ,,전선,,주,3 ,3 ,하재근,수,3 ,참103,,,,,,,
1056 ,전자정보공과대학,전자재료공학과,공통,,7340-3-5866-01,반도체공정1,,,,,,,영어,50 ,,전선,,주,3 ,3 ,조원주,화,5 ,참B106,목,6 ,참B106,,,,
1057 ,전자정보공과대학,전자재료공학과,공통,,7340-4-0717-01,분석기기론,,,,,,,,,,전선,,주,3 ,3 ,김민경,월,2 ,참203,수,1 ,참203,,,,
1058 ,전자정보공과대학,전자재료공학과,공통,,7340-4-0834-01,센서공학,,,,,,,,0 ,,전선,,주,3 ,3 ,오종민,화,3 ,비419,목,4 ,비419,,,,
1059 ,전자정보공과대학,전자재료공학과,공통,,7340-4-3835-01,디스플레이공학,,,,,,,,,,전선,,주,3 ,3 ,이강천,월,5 ,참102,수,6 ,참102,,,,
1060 ,전자정보공과대학,전자재료공학과,공통,,7340-4-4165-01,캡스톤설계2,,,,,,,,0 ,,전선,,주,3 ,3 ,하재근,수,"7,8,9,10",비419,,,,,,,
1061 ,전자정보공과대학,전자재료공학과,공통,,7340-4-5010-01,전자재료공정실험및설계2,,,,,,,,0 ,,전선,,야,3 ,4 ,오종민,목,"8,9,10,11",비418,,,,,,,
1062 ,전자정보공과대학,전자융합공학과,공통,,7420-2-0373-01,기초회로실험2,,,,,,,,0 ,,전필,,주,3 ,4 ,박면주,월,"5,6,7",비614,,,,,,,
1063 ,전자정보공과대학,전자융합공학과,공통,,7420-2-0373-02,기초회로실험2,,,,,,,,,,전필,,주,3 ,4 ,김진영,화,"5,6,7",비614,,,,,,,
1064 ,전자정보공과대학,전자융합공학과,공통,,7420-2-0373-03,기초회로실험2,,,,,,,,,,전필,,주,3 ,4 ,이승형,수,"5,6,7",비614,,,,,,,
1065 ,전자정보공과대학,전자융합공학과,공통,,7420-2-1412-01,전자기학2,,,,,,,,,,전선,,주,3 ,3 ,정용식,화,2 ,참B103,목,1 ,참B103,,,,
1066 ,전자정보공과대학,전자융합공학과,공통,,7420-2-1647-01,컴퓨터구조,,,,,,,,0 ,,전선,,주,3 ,3 ,임한상,월,1 ,참B105,수,2 ,참B105,,,,
1067 ,전자정보공과대학,전자융합공학과,공통,,7420-2-1647-02,컴퓨터구조,,,,,,,,0 ,,전선,,주,3 ,3 ,임한상,월,2 ,참B105,수,1 ,참B105,,,,
1068 ,전자정보공과대학,전자융합공학과,공통,,7420-2-1996-01,회로이론2,,,,,,,,0 ,,전선,,주,3 ,3 ,박면주,월,3 ,참102,수,4 ,참102,,,,
1069 ,전자정보공과대학,전자융합공학과,공통,,7420-2-1996-02,회로이론2,,,,,,,,0 ,,전선,,주,3 ,3 ,박면주,월,4 ,참102,수,3 ,참102,,,,
1070 ,전자정보공과대학,전자융합공학과,공통,,7420-2-3100-01,데이터사이언스,,,,,,,,,,전선,,주,3 ,3 ,이승형,화,3 ,참B106,목,4 ,참B106,,,,
1071 ,전자정보공과대학,전자융합공학과,공통,,7420-2-6892-01,반도체소자2,,,,,,,,,,전선,,주,3 ,3 ,김정현,금,"5,6",참B103,,,,,,,
1072 ,전자정보공과대학,전자융합공학과,공통,,7420-3-0458-01,디지털신호처리,,,,,,,,0 ,,전선,,주,3 ,3 ,김형국,월,3 ,비427,수,4 ,비427,,,,
1073 ,전자정보공과대학,전자융합공학과,공통,,7420-3-0466-01,디지털통신,,,,,,,,,,전선,,주,3 ,3 ,선영규,화,4 ,비517,목,3 ,비517,,,,
1074 ,전자정보공과대학,전자융합공학과,공통,,7420-3-1464-01,전자회로2,,,,,,,,,,전선,,주,3 ,3 ,오성욱,금,"3,4",참B107,,,,,,,
1075 ,전자정보공과대학,전자융합공학과,공통,,7420-3-1473-01,전자회로실험2,,,,,,,,,,전필,,주,3 ,4 ,정용식,월,"0,1,2",비614,,,,,,,
1076 ,전자정보공과대학,전자융합공학과,공통,,7420-3-1473-02,전자회로실험2,,,,,,,,0 ,,전필,,주,3 ,4 ,김형국,수,"0,1,2",비614,,,,,,,
1077 ,전자정보공과대학,전자융합공학과,공통,,7420-3-1473-03,전자회로실험2,,,,,,,,0 ,,전필,,주,3 ,4 ,양훈기,목,"0,1,2",비614,,,,,,,
1078 ,전자정보공과대학,전자융합공학과,공통,,7420-3-4179-01,임베디드시스템,,,,,,,,0 ,,전선,,주,3 ,3 ,심준섭,금,"5,6",참102,,,,,,,
1079 ,전자정보공과대학,전자융합공학과,공통,,7420-3-5694-01,경력개발과취업전략,,,,,,,,0 ,,전선,,주,2 ,2 ,김형국,월,"6,7",비517,,,,,,,
1080 ,전자정보공과대학,전자융합공학과,공통,,7420-3-7374-01,융합반도체공정,,,,,,,,,,전선,,주,3 ,3 ,김정현,금,"1,2",참B103,,,,,,,
1081 ,전자정보공과대학,전자융합공학과,공통,,7420-3-8483-01,머신러닝,,,,,,,,,,전선,,주,3 ,3 ,이승형,화,5 ,참B105,목,6 ,참B105,,,,
1082 ,전자정보공과대학,전자융합공학과,공통,,7420-4-4131-01,바이오전자공학,,,,,,,영어,50 ,,전선,,주,3 ,3 ,심준섭,금,"3,4",참102,,,,,,,
1083 ,전자정보공과대학,전자융합공학과,공통,,7420-4-4165-01,캡스톤설계2,,,,,,,,0 ,,전선,,야,3 ,3 ,심준섭,금,"7,8,9",비517,,,,,,,
1084 ,전자정보공과대학,전자융합공학과,공통,,7420-4-6895-01,통신융합시스템,,,,,,,,,,전선,,주,3 ,3 ,김진영,금,"5,6",참B105,,,,,,,
1085 ,전자정보공과대학,전자융합공학과,공통,,7420-4-6896-01,자동차전자,,,,,,,,0 ,,전선,,주,3 ,3 ,임한상,월,4 ,비517,수,3 ,비517,,,,
1086 ,전자정보공과대학,반도체시스템공학부,공통,,7460-1-5032-01,반도체공학개론,,,,,,,,,"T1,T2",전선,,주,3 ,3 ,장재은,화,5 ,비504,목,6 ,비504,,,,
1087 ,전자정보공과대학,반도체시스템공학부,공통,,7460-2-1463-01,전자회로1,,,,,,,영어,100 ,,전선,,주,3 ,3 ,신현철,월,3 ,비504,수,4 ,비504,,,,
1088 ,전자정보공과대학,반도체시스템공학부,공통,,7460-2-2004-01,신호및시스템,,,,,,,영어,100 ,,전선,,주,3 ,3 ,어윤성,화,2 ,비504,목,2 ,비504,,,,
1089 ,전자정보공과대학,반도체시스템공학부,공통,,7460-2-5035-01,반도체소자물리,,,,,,,,,,전선,,주,3 ,3 ,이대석,화,4 ,비504,목,4 ,비504,,,,
1090 ,전자정보공과대학,반도체시스템공학부,공통,,7460-2-5036-01,기초디지털실험,,,,,,,영어,100 ,,전필,,주,3 ,4 ,김종헌,월,"5,6,7",비201,,,,,,,
1091 ,전자정보공과대학,반도체시스템공학부,공통,,7460-2-5036-02,기초디지털실험,,,,,,,영어,100 ,,전필,,주,3 ,4 ,김종헌,화,"5,6,7",비201,,,,,,,
1092 ,전자정보공과대학,반도체시스템공학부,공통,,7460-2-6345-01,HDL및설계,,,,,,,영어,100 ,,전선,,주,3 ,3 ,이준환,월,1 ,참B106,수,2 ,참B106,,,,
1093 ,전자정보공과대학,반도체시스템공학부,공통,,7460-3-0457-01,디지털시스템설계,,,,,,,영어,100 ,,전선,,주,3 ,3 ,이준환,월,3 ,비517,수,4 ,비517,,,,
1094 ,전자정보공과대학,반도체시스템공학부,공통,,7460-3-5043-01,RF및마이크로파공학,,,,,,,영어,50 ,,전선,,주,3 ,3 ,어윤성,화,3 ,비504,목,3 ,비504,,,,
1095 ,전자정보공과대학,반도체시스템공학부,공통,,7460-3-5048-01,메모리반도체공학,,,,,,,,,,전선,,주,3 ,3 ,이대석,월,4 ,비504,수,3 ,비504,,,,
1096 ,전자정보공과대학,반도체시스템공학부,공통,,7460-3-5050-01,전자회로응용실험,,,,,,,영어,100 ,,전필,,주,3 ,4 ,신현철,수,"5,6,7",비201,,,,,,,
1097 ,전자정보공과대학,반도체시스템공학부,공통,,7460-3-8056-01,디지털집적회로설계,,,,,,,,,,전선,,주,3 ,3 ,장재은,화,6 ,비504,목,5 ,비504,,,,
1098 ,정책법학대학,행정학과,공통,,F020-1-1850-01,행정학연습,,,,,,,,,S1,전선,,주,3 ,3 ,,금,"1,2",한울410,,,,,,,
1099 ,정책법학대학,행정학과,공통,,F020-1-6117-01,텍스트로보는행정사,,,Y,,,,,0 ,S1,전선,,주,3 ,3 ,김경동,화,4 ,한울408,목,3 ,,,,,
1100 ,정책법학대학,행정학과,공통,,F020-1-8090-01,Public Administration in Society,,,,,,,영어,50 ,S1,전선,,주,3 ,3 ,한종희,월,2 ,한울310,수,1 ,한울310,,,,
1101 ,정책법학대학,행정학과,공통,,F020-2-1234-01,진로탐색및설계,,Y,,Y,,,,0 ,,전선,,야,1 ,2 ,김경동,화,"8,9",한울408,,,,,,,
1102 ,정책법학대학,행정학과,공통,,F020-2-2813-01,인사행정론,,,,,,,,0 ,,전선,,주,3 ,3 ,박시진,월,3 ,한울408,수,4 ,한울408,,,,
1103 ,정책법학대학,행정학과,공통,,F020-2-4891-01,정부재정론,,,,,,,,0 ,,전선,,주,3 ,3 ,김주찬,월,"1,2",한울408,,,,,,,
1104 ,정책법학대학,행정학과,공통,,F020-2-5000-01,사회과학조사방법론,,,,,,,,0 ,,전필,,주,3 ,3 ,박시진,월,4 ,한울408,수,3 ,한울408,,,,
1105 ,정책법학대학,행정학과,공통,,F020-2-5025-01,사회복지정책론,,,,,,,,0 ,,전선,,주,3 ,3 ,정진경,월,"5,6",한울310,,,,,,,
1106 ,정책법학대학,행정학과,공통,,F020-2-5302-01,제4차산업혁명과위험규제,,,Y,,,,,0 ,,전선,,주,3 ,3 ,이혜영,화,3 ,한울408,목,4 ,,,,,
1107 ,정책법학대학,행정학과,공통,,F020-3-3406-01,재무행정론,,,,,,,,0 ,,전선,,주,3 ,3 ,김경동,화,3 ,한울310,목,4 ,한울310,,,,
1108 ,정책법학대학,행정학과,공통,,F020-3-5694-01,경력개발과취업전략,,,,,,,,0 ,,전선,,주,2 ,2 ,박시진,목,"6,7",한울408,,,,,,,
1109 ,정책법학대학,행정학과,공통,,F020-3-6813-01,AI기반공공데이터분석,,,Y,,,,,0 ,,전선,,주,3 ,3 ,김경동,목,5 ,한울408,,,,,,,
1110 ,정책법학대학,행정학과,공통,,F020-3-8094-01,정책설계와집행,,,,,,,,,,전선,,주,3 ,3 ,서승현,금,"3,4",한울408,,,,,,,
1111 ,정책법학대학,행정학과,공통,,F020-4-4894-01,행정및정책사례세미나,,,,,,,,0 ,,전선,,주,3 ,3 ,김주찬,월,"5,6",한울408,,,,,,,
1112 ,정책법학대학,행정학과,공통,,F020-4-8109-01,행정이슈특강,,,,,,,,,,전선,,주,3 ,3 ,서승현,금,"5,6",한울408,,,,,,,
1113 ,정책법학대학,법학부,공통,,F030-1-0620-01,민법총칙2,,,,,,,,0 ,"L1,L2",전선,,주,3 ,3 ,이춘원,월,1 ,한울503,수,2 ,한울503,,,,
1114 ,정책법학대학,법학부,공통,,F030-1-0620-02,민법총칙2,,,,,,,,,"L1,L2",전선,,주,3 ,3 ,이소은,화,2 ,한울409,목,1 ,한울409,,,,
1115 ,정책법학대학,법학부,공통,,F030-1-0620-03,민법총칙2,,,,,,,,,"L1,L2",전선,,야,3 ,3 ,허준석,월,"7,8,9",한울503,,,,,,,
1116 ,정책법학대학,법학부,공통,,F030-1-4219-01,형법총론1,,,,,,,,,"L1,L2",전필,,주,3 ,3 ,한재경,화,1 ,한울503,목,2 ,한울503,,,,
1117 ,정책법학대학,법학부,공통,,F030-1-4219-02,형법총론1,,,,,,,,,"L1,L2",전필,,주,3 ,3 ,한재경,월,2 ,한울409,수,1 ,한울409,,,,
1118 ,정책법학대학,법학부,공통,,F030-1-4219-03,형법총론1,,,,,,,,,"L1,L2",전필,,주,3 ,3 ,한재경,화,4 ,한울503,목,3 ,한울503,,,,
1119 ,정책법학대학,법학부,공통,,F030-1-6139-01,법률용어론,,,,,,,,0 ,"L1,L2",전선,,주,3 ,3 ,김송옥,월,5 ,한울409,수,6 ,한울409,,,,
1120 ,정책법학대학,법학부,공통,,F030-1-6350-01,국가권력구조론,,,,,,,,0 ,"L1,L2",전선,,주,3 ,3 ,손상식,월,3 ,한울409,수,4 ,한울409,,,,
1121 ,정책법학대학,법학부,공통,,F030-1-6350-02,국가권력구조론,,,,,,,,0 ,"L1,L2",전선,,주,3 ,3 ,손상식,월,4 ,한울409,수,3 ,한울409,,,,
1122 ,정책법학대학,법학부,공통,,F030-1-6350-03,국가권력구조론,,,,,,,,,,전선,,주,3 ,3 ,김정민,화,3 ,한울503,목,4 ,한울503,,,,
1123 ,정책법학대학,법학부,공통,,F030-2-0316-01,국제법2,,,,,,,,0 ,,전선,,주,3 ,3 ,유선봉,금,"3,4",한울409,,,,,,,
1124 ,정책법학대학,법학부,공통,,F030-2-0379-01,노동법2,,,,,,,,,,전선,,주,3 ,3 ,이준희,화,3 ,한울409,목,4 ,한울409,,,,
1125 ,정책법학대학,법학부,공통,,F030-2-1587-01,채권각론,,,,,,,,0 ,,전필,,주,3 ,3 ,이춘원,월,2 ,한울503,수,1 ,한울503,,,,
1126 ,정책법학대학,법학부,공통,,F030-2-1587-02,채권각론,,,,,,,,,,전필,,주,3 ,3 ,이소은,화,1 ,한울409,목,2 ,한울409,,,,
1127 ,정책법학대학,법학부,공통,,F030-2-1837-01,행정구제법,,,,,,,,,,전선,,주,3 ,3 ,정영철,월,3 ,한울503,수,4 ,한울503,,,,
1128 ,정책법학대학,법학부,공통,,F030-2-1837-02,행정구제법,,,,,,,,,,전선,,주,3 ,3 ,정영철,월,4 ,한울503,수,3 ,한울503,,,,
1129 ,정책법학대학,법학부,공통,,F030-2-1893-01,형법각론,,,,,,,,,,전선,,주,3 ,3 ,한재경,월,1 ,한울409,수,2 ,한울409,,,,
1130 ,정책법학대학,법학부,공통,,F030-2-1893-02,형법각론,,,,,,,,,,전선,,주,3 ,3 ,한재경,화,2 ,한울503,목,1 ,한울503,,,,
1131 ,정책법학대학,법학부,공통,,F030-2-3182-01,특허법,,,Y,,,,,,,전선,,주,3 ,3 ,권지현,화,5 ,한울503,목,6 ,한울503,,,,
1132 ,정책법학대학,법학부,공통,,F030-2-3182-02,특허법,,,Y,,,,,,,전선,,주,3 ,3 ,권지현,화,6 ,한울503,목,5 ,한울503,,,,
1133 ,정책법학대학,법학부,공통,,F030-2-4094-01,미디어와법,,,,,,,,0 ,,전선,,주,3 ,3 ,이희옥,금,"1,2",한울409,,,,,,,
1134 ,정책법학대학,법학부,공통,,F030-2-5790-01,"차별,불공정사회와법의기능",,Y,,Y,,,,,,전선,,주,3 ,3 ,이준희,화,"10,11,12",,,,,,,,
1135 ,정책법학대학,법학부,공통,,F030-2-8074-01,보험법,,,,,,,,0 ,,전선,,주,3 ,3 ,조현진,월,4 ,한울B104,수,3 ,한울B104,,,,
1136 ,정책법학대학,법학부,공통,,F030-3-0831-01,세법,,,,,,,,,,전선,,주,3 ,3 ,박규훈,금,"3,4",한울503,,,,,,,
1137 ,정책법학대학,법학부,공통,,F030-3-1838-01,행정법각론,,,,,,,,,,전선,,주,3 ,3 ,정영철,월,5 ,한울503,수,6 ,한울503,,,,
1138 ,정책법학대학,법학부,공통,,F030-3-1899-01,형사정책,,,Y,,,,,,,전선,,주,3 ,3 ,한재경,월,6 ,,수,5 ,한울409,,,,
1139 ,정책법학대학,법학부,공통,,F030-3-1899-02,형사정책,,,,,,,,,,전선,,야,3 ,3 ,한재경,월,"7,8,9",한울409,,,,,,,
1140 ,정책법학대학,법학부,공통,,F030-3-3758-01,인공지능과법,,,,,,,,0 ,,전선,,주,3 ,3 ,윤상필,금,"5,6",한울409,,,,,,,
1141 ,정책법학대학,법학부,공통,,F030-3-3824-01,회사법,,,,,,,,0 ,,전선,,주,3 ,3 ,조현진,월,3 ,한울B104,수,4 ,한울B104,,,,
1142 ,정책법학대학,법학부,공통,,F030-3-3869-01,저작권법,,,,,,,,,,전선,,야,3 ,3 ,전정화,화,"7,8,9",한울503,,,,,,,
1143 ,정책법학대학,법학부,공통,,F030-3-4471-01,노동법판례연구,,,,,,,,0 ,,전선,,주,3 ,3 ,김도환,금,"1,2",한울503,,,,,,,
1144 ,정책법학대학,법학부,공통,,F030-3-4756-01,헌법재판론,,Y,,Y,,,,0 ,,전선,,주,3 ,3 ,손상식,수,"10,11,12",,,,,,,,
1145 ,정책법학대학,법학부,공통,,F030-3-4756-02,헌법재판론,,,,,,,,,,전선,,야,3 ,3 ,김효연,목,"8,9,10",한울503,,,,,,,
1146 ,정책법학대학,법학부,공통,,F030-3-5539-01,영문계약실무크리닉,,,,,,,,,,전선,,주,3 ,3 ,이소은,화,5 ,한울409,목,6 ,한울409,,,,
1147 ,정책법학대학,법학부,공통,,F030-3-5568-01,디자인보호법,,,,,,,,0 ,,전선,,야,3 ,3 ,한정무,수,"7,8,9",한울503,,,,,,,
1148 ,정책법학대학,법학부,공통,,F030-4-0398-01,담보물권법,,,,,,,,0 ,,전선,,주,3 ,3 ,오소정,금,"5,6",한울503,,,,,,,
1149 ,정책법학대학,법학부,공통,,F030-4-3760-01,데이터법이론과실무,,,,,,,,,,전선,,야,3 ,3 ,정원준,수,"7,8,9",한울409,,,,,,,
1150 ,정책법학대학,법학부,공통,,F030-4-5303-01,갈등과교섭의노동법적이해,,,,,,,,,,전선,,주,3 ,3 ,이준희,월,3 ,한울411,수,4 ,한울411,,,,
1151 ,정책법학대학,법학부,공통,,F030-4-6356-01,노동소송및심판제도론,,,,,,,,,,전선,,주,3 ,3 ,이준희,화,4 ,한울409,목,3 ,한울409,,,,
1152 ,정책법학대학,국제학부,공통,,F040-1-4445-01,일본학개론,,,,,,,,,S3,전선,,주,3 ,3 ,최가영,월,4 ,한울310,수,3 ,한울310,,,,
1153 ,정책법학대학,국제학부,공통,,F040-1-5783-01,동북아관계사,,,,,,,,,S3,전필,,주,3 ,3 ,최가영,월,3 ,한울310,수,4 ,한울310,,,,
1154 ,정책법학대학,국제학부,공통,,F040-2-5451-01,일본인과일본문화,,,,,,,,,,전선,,주,3 ,3 ,최가영,목,"5,6",한울504,,,,,,,
1155 ,정책법학대학,국제학부,공통,,F040-2-5638-01,중국정치외교론,,,,,,,,0 ,,전선,,주,3 ,3 ,신상진,화,"1,2",한울407,,,,,,,
1156 ,정책법학대학,국제학부,공통,,F040-2-5639-01,일본정치외교론,,,,,,,,,,전선,,주,3 ,3 ,전진호,화,4 ,한울402,목,3 ,한울402,,,,
1157 ,정책법학대학,국제학부,공통,,F040-3-4473-01,중국연구세미나,,,,,,,,,,전선,,주,3 ,3 ,문경연,월,3 ,한울402,수,4 ,한울402,,,,
1158 ,정책법학대학,국제학부,공통,,F040-3-5694-01,경력개발과취업전략,,,,,,,,,,전선,,주,2 ,2 ,문경연,목,"6,7",한울402,,,,,,,
1159 ,정책법학대학,국제학부,공통,,F040-3-6422-01,중국경영전략과기업사례,,,,,,,,0 ,,전선,,주,3 ,3 ,션지아,화,6 ,한울402,목,5 ,한울402,,,,
1160 ,정책법학대학,국제학부,공통,,F040-3-6573-01,현대중국사회론,,,,,,,,,,전선,,주,3 ,3 ,문경연,월,4 ,한울402,수,3 ,한울402,,,,
1161 ,정책법학대학,국제학부,공통,,F040-3-9227-01,동북아국제관계,,,,,,,,,,전선,,주,3 ,3 ,전진호,화,3 ,한울402,목,4 ,한울402,,,,
1162 ,정책법학대학,국제학부,공통,,F040-3-9231-01,일본시민운동론,,Y,,,,,,0 ,,전선,,주,3 ,3 ,김광열,월,5 ,,수,6 ,,,,,
1163 ,정책법학대학,국제학부,공통,,F040-3-9234-01,중국마케팅전략,,,,,,,,0 ,,전선,,주,3 ,3 ,션지아,화,4 ,한울310,목,3 ,한울310,,,,
1164 ,정책법학대학,국제학부,공통,,F040-4-8578-01,Capstone Design Seminar : 국제관계,,,,,,,영어,100 ,,전선,,주,3 ,3 ,윤이숙,월,"5,6",한울402,,,,,,,
1165 ,정책법학대학,자산관리학과,공통,,F050-4-4474-01,디지털금융론,,,,,Y,,,,,전선,,주,3 ,3 ,윤명옥,토,"5,6",한울409,,,,,,,
1166 ,정책법학대학,자산관리학과,공통,,F050-4-5148-01,증권투자론,,,,,Y,,,,,전선,,야,3 ,3 ,윤명옥,수,"8,9,10",한울402,,,,,,,
1167 ,정책법학대학,자산관리학과,공통,,F050-4-8077-01,해외부동산론,,,Y,,Y,,,0 ,,전선,,야,3 ,3 ,배덕현,화,"8,9,10",한울409,,,,,,,
1168 ,정책법학대학,자산관리학과,공통,,F050-4-9239-01,파산회생법,,,Y,,Y,,,0 ,,전선,,야,3 ,3 ,박동열,목,"8,9,10",한울402,,,,,,,
1169 ,정책법학대학,글로벌지속가능융합학과,공통,,F060-2-6120-01,글로벌모빌리티와지속가능성,,Y,,,,,,,,전선,,주,3 ,3 ,김상연,토,76 ,,,,,,,,
1170 ,정책법학대학,글로벌지속가능융합학과,공통,,F060-2-6812-01,위험사회와글로벌공생,,,Y,,,,,0 ,,전선,,주,1 ,3 ,이혜영,금,6 ,한울310,,,,,,,
1171 ,인공지능융합대학,공통,공통,,I000-1-2957-01,공학설계입문,,,,,,,,0 ,"C1,C2",전선,,주,3 ,3 ,장진곤,화,6 ,참B101,목,5 ,참B101,,,,
1172 ,인공지능융합대학,공통,공통,,I000-1-2957-02,공학설계입문,,,,,,,,0 ,"C4,C5",전선,,주,3 ,3 ,김진환,금,"1,2",새빛301,,,,,,,
1173 ,인공지능융합대학,공통,공통,,I000-1-2957-03,공학설계입문,,,,,,,,,"C4,C5",전선,,주,3 ,3 ,최웅철,월,6 ,새빛301,수,5 ,새빛301,,,,
1174 ,인공지능융합대학,공통,공통,,I000-1-3674-01,창의설계입문,,,,,,,,0 ,"C7,C8",전선,,주,3 ,3 ,신원경,월,2 ,새빛103,수,1 ,새빛103,,,,
1175 ,인공지능융합대학,공통,공통,,I000-1-6241-01,로봇학입문,,,,,,,,,"J5,J6",전선,,주,3 ,3 ,박수한,월,5 ,새빛202,수,6 ,새빛202,,,,
1176 ,인공지능융합대학,공통,공통,,I000-2-1186-01,이산수학,,,Y,,,,,0 ,,전선,,주,3 ,3 ,유지현,금,3 ,새빛102,,,,,,,
1177 ,인공지능융합대학,공통,공통,,I000-2-1186-02,이산수학,,,,,,,,,,전선,,주,3 ,3 ,조민수,월,3 ,새빛205,수,4 ,새빛205,,,,
1178 ,인공지능융합대학,공통,공통,,I000-2-1186-03,이산수학,,,,,,,,,,전선,,주,3 ,3 ,조민수,월,4 ,새빛205,수,3 ,새빛205,,,,
1179 ,인공지능융합대학,공통,공통,,I000-2-5700-01,로봇산업입문,,,Y,,,Y,,,,전선,,야,2 ,3 ,이종희,수,"7,8,9",기305,,,,,,,매치업(로봇분야)
1180 ,인공지능융합대학,공통,공통,,I000-2-5702-01,제어알고리즘설계및실습,,,Y,,,Y,,0 ,,전선,,주,2 ,3 ,고찬영,월,"5,6",기305,,,,,,,매치업(로봇분야)
1181 ,인공지능융합대학,공통,공통,,I000-2-5715-01,인체데이터분석및실습,,,Y,,,Y,,0 ,,전선,,야,2 ,3 ,고찬영,월,"7,8,9",기305,,,,,,,매치업(로봇분야)
1182 ,인공지능융합대학,공통,공통,,I000-2-5717-01,임베디드인공지능시스템최적화,,,Y,,,Y,,,,전선,,야,2 ,3 ,이예솝,수,"7,8,9",새빛202,,,,,,,매치업(로봇분야)
1183 ,인공지능융합대학,공통,공통,,I000-3-0875-01,수치해석,,,,,,,,,,전선,,주,3 ,3 ,심동규,화,4 ,참B101,목,3 ,참B101,,,,
1184 ,인공지능융합대학,공통,공통,,I000-3-0875-02,수치해석,,Y,,Y,,,영어,50 ,,전선,,주,3 ,3 ,최민규,화,4 ,,,,,,,,
1185 ,인공지능융합대학,컴퓨터정보공학부,공통,,I020-1-2339-01,고급C프로그래밍,,,,,,,,0 ,"C1,C2",전선,,주,3 ,4 ,이우신,월,"0,1,2",새빛303,,,,,,,
1186 ,인공지능융합대학,컴퓨터정보공학부,공통,,I020-1-2339-02,고급C프로그래밍,,,,,,,,0 ,"C1,C2",전선,,주,3 ,4 ,이우신,월,"3,4,5",새빛303,,,,,,,
1187 ,인공지능융합대학,컴퓨터정보공학부,공통,,I020-1-2339-03,고급C프로그래밍,,,,,,,,0 ,"C1,C2",전선,,주,3 ,4 ,이우신,수,"3,4,5",새빛303,,,,,,,
1188 ,인공지능융합대학,컴퓨터정보공학부,공통,,I020-2-0454-01,디지털논리회로2,,,Y,,,,영어,50 ,,전필,,주,3 ,3 ,유지현,금,4 ,새빛102,,,,,,,
1189 ,인공지능융합대학,컴퓨터정보공학부,공통,,I020-2-0454-02,디지털논리회로2,,,,,,,영어,50 ,,전필,,주,3 ,3 ,장진곤,화,1 ,새빛203,목,2 ,새빛203,,,,
1190 ,인공지능융합대학,컴퓨터정보공학부,공통,,I020-2-3703-01,데이터구조설계,,,,,,,,,,전필,,주,3 ,3 ,이혁준,화,5 ,새빛102,목,6 ,새빛102,,,,
1191 ,인공지능융합대학,컴퓨터정보공학부,공통,,I020-2-3703-02,데이터구조설계,,,Y,,,,,0 ,,전필,,주,3 ,3 ,최상호,화,2 ,새빛203,,,,,,,
1192 ,인공지능융합대학,컴퓨터정보공학부,공통,,I020-2-3712-01,데이터구조실습,,,,,,,,,,전선,,주,1 ,2 ,이혁준,금,"5,6",새빛304,,,,,,,
1193 ,인공지능융합대학,컴퓨터정보공학부,공통,,I020-2-3712-02,데이터구조실습,,,,,,,,,,전선,,야,1 ,2 ,이혁준,목,"7,8",새빛304,,,,,,,
1194 ,인공지능융합대학,컴퓨터정보공학부,공통,,I020-2-3712-03,데이터구조실습,,,,,,,,0 ,,전선,,주,1 ,2 ,최상호,수,"3,4",새빛304,,,,,,,
1195 ,인공지능융합대학,컴퓨터정보공학부,공통,,I020-2-4530-01,어셈블리프로그램설계및실습,,,,,,,영어,50 ,,전선,,주,3 ,4 ,이형근,월,5 ,새빛304,수,"6,7",새빛304,,,,
1196 ,인공지능융합대학,컴퓨터정보공학부,공통,,I020-2-4530-02,어셈블리프로그램설계및실습,,,,,,,영어,50 ,,전선,,주,3 ,4 ,이형근,월,"6,7",새빛304,수,5 ,새빛304,,,,
1197 ,인공지능융합대학,컴퓨터정보공학부,공통,,I020-2-4888-01,디지털헬스케어인공지능분석실무,,,Y,,,Y,,,,전선,,야,2 ,3 ,박철수,수,"7,8",새빛203,,,,,,,매치업(바이오헬스분야)
1198 ,인공지능융합대학,컴퓨터정보공학부,공통,,I020-2-5465-01,디지털전자회로,,,,,,,,0 ,,전선,,주,3 ,3 ,공진흥,화,6 ,새빛203,목,5 ,새빛203,,,,
1199 ,인공지능융합대학,컴퓨터정보공학부,공통,,I020-2-8087-01,컴퓨터공학기초실험2,,,,,,,,0 ,,전선,,주,2 ,4 ,이형근,수,"0,1,2",새빛304,,,,,,,
1200 ,인공지능융합대학,컴퓨터정보공학부,공통,,I020-2-8087-02,컴퓨터공학기초실험2,,,,,,,,0 ,,전선,,주,2 ,4 ,이형근,월,"0,1,2",새빛304,,,,,,,
1201 ,인공지능융합대학,컴퓨터정보공학부,공통,,I020-2-8087-03,컴퓨터공학기초실험2,,,,,,,,0 ,,전선,,주,2 ,4 ,신동화,화,"0,1,2",새빛304,,,,,,,
1202 ,인공지능융합대학,컴퓨터정보공학부,공통,,I020-2-8992-01,오픈소스소프트웨어설계및실습,,,,,,,,0 ,,전선,,주,3 ,4 ,신동화,목,"0,1,2",새빛304,,,,,,,
1203 ,인공지능융합대학,컴퓨터정보공학부,공통,,I020-3-0458-01,디지털신호처리,,,,,,,,,,전선,,주,3 ,3 ,박철수,월,2 ,새빛203,수,1 ,새빛203,,,,
1204 ,인공지능융합대학,컴퓨터정보공학부,공통,,I020-3-0492-01,마이크로프로세서,,,,,,,영어,50 ,,전선,,주,3 ,3 ,이성원,월,6 ,새빛303,수,5 ,새빛203,,,,
1205 ,인공지능융합대학,컴퓨터정보공학부,공통,,I020-3-0969-01,알고리즘,,,Y,,,,,0 ,,전선,,주,3 ,3 ,신동화,수,2 ,새빛203,,,,,,,
1206 ,인공지능융합대학,컴퓨터정보공학부,공통,,I020-3-0969-02,알고리즘,,,Y,,,,,0 ,,전선,,주,3 ,3 ,신동화,목,4 ,새빛203,,,,,,,
1207 ,인공지능융합대학,컴퓨터정보공학부,공통,,I020-3-1110-01,운영체제,,,,,,,,,,전필,,주,3 ,3 ,김태석,화,5 ,새빛203,목,6 ,새빛203,,,,
1208 ,인공지능융합대학,컴퓨터정보공학부,공통,,I020-3-1110-02,운영체제,,,Y,,,,,0 ,,전필,,주,3 ,3 ,최상호,월,3 ,새빛203,,,,,,,
1209 ,인공지능융합대학,컴퓨터정보공학부,공통,,I020-3-1196-01,인공지능,,,,,,,,,,전선,,주,3 ,3 ,이혁준,월,5 ,새빛102,수,6 ,새빛102,,,,
1210 ,인공지능융합대학,컴퓨터정보공학부,공통,,I020-3-1196-02,인공지능,,,,,,,,,,전선,,주,3 ,3 ,박철수,월,4 ,새빛102,수,3 ,새빛102,,,,
1211 ,인공지능융합대학,컴퓨터정보공학부,공통,,I020-3-3659-01,운영체제실습,,,,,,,,,,전선,,주,1 ,2 ,김태석,금,"3,4",새빛303,,,,,,,
1212 ,인공지능융합대학,컴퓨터정보공학부,공통,,I020-3-4534-01,데이터통신,,,,,,,,,,전선,,주,3 ,3 ,황호영,금,"5,6",새빛102,,,,,,,
1213 ,인공지능융합대학,컴퓨터정보공학부,공통,,I020-3-5694-01,경력개발과취업전략,,,,,,,,,,전선,,주,2 ,2 ,이혁준,화,"6,7",새빛102,,,,,,,
1214 ,인공지능융합대학,컴퓨터정보공학부,공통,,I020-3-6387-01,모바일프로그래밍,,,Y,,,,,,,전선,,주,3 ,3 ,김태석,수,4 ,새빛203,,,,,,,
1215 ,인공지능융합대학,컴퓨터정보공학부,공통,,I020-4-4459-01,인공지능프로그래밍,,,,,,,영어,50 ,,전선,,주,3 ,3 ,이성원,월,4 ,새빛203,수,3 ,새빛203,,,,
1216 ,인공지능융합대학,컴퓨터정보공학부,공통,,I020-4-5469-01,지능IT특론,,,,,,,,,,전선,,주,3 ,3 ,장진곤,금,"5,6",새빛203,,,,,,,
1217 ,인공지능융합대학,소프트웨어학부,공통,,I030-1-5714-01,고급C프로그래밍및설계,,,,,,,,,"C4,C5",전선,,주,3 ,3 ,안우현,월,5 ,새빛302,수,6 ,새빛302,,,,
1218 ,인공지능융합대학,소프트웨어학부,공통,,I030-1-5714-02,고급C프로그래밍및설계,,,,,,,,,"C4,C5",전선,,주,3 ,3 ,전원호,수,"1,2",새빛301,,,,,,,
1219 ,인공지능융합대학,소프트웨어학부,공통,,I030-1-5714-03,고급C프로그래밍및설계,,,,,,,,,"C4,C5",전선,,주,3 ,3 ,정승권,월,"1,2",새빛301,,,,,,,
1220 ,인공지능융합대학,소프트웨어학부,공통,,I030-2-1234-01,진로탐색및설계,,Y,,Y,,,,,,전선,,야,1 ,2 ,김용혁,수,"7,8",,,,,,,,
1221 ,인공지능융합대학,소프트웨어학부,공통,,I030-2-1243-01,자료구조,,,Y,,,,,,,전선,,주,3 ,3 ,박병준,월,5 ,새빛204,,,,,,,
1222 ,인공지능융합대학,소프트웨어학부,공통,,I030-2-1243-02,자료구조,,,,,,,영어,50 ,,전선,,주,3 ,3 ,김용혁,월,5 ,새빛203,수,6 ,새빛203,,,,
1223 ,인공지능융합대학,소프트웨어학부,공통,,I030-2-1243-03,자료구조,,,,,,,,,,전선,,주,3 ,3 ,,화,4 ,새빛204,목,3 ,새빛204,,,,
1224 ,인공지능융합대학,소프트웨어학부,공통,,I030-2-3395-01,시스템소프트웨어,,,Y,,,,,,,전선,,주,3 ,3 ,안우현,월,3 ,새빛204,,,,,,,
1225 ,인공지능융합대학,소프트웨어학부,공통,,I030-2-3395-02,시스템소프트웨어,,,Y,,,,,,,전선,,주,3 ,3 ,안우현,월,4 ,새빛204,,,,,,,
1226 ,인공지능융합대학,소프트웨어학부,공통,,I030-2-3405-01,자료구조실습,,,,,,,,0 ,,전선,,주,2 ,3 ,김용혁,수,"1,2",새빛302,,,,,,,
1227 ,인공지능융합대학,소프트웨어학부,공통,,I030-2-3405-02,자료구조실습,,,,,,,,,,전선,,주,2 ,3 ,,월,"1,2",새빛302,,,,,,,
1228 ,인공지능융합대학,소프트웨어학부,공통,,I030-2-3405-03,자료구조실습,,,,,,,,,,전선,,주,2 ,3 ,,금,"1,2",새빛302,,,,,,,
1229 ,인공지능융합대학,소프트웨어학부,공통,,I030-2-7777-01,객체지향프로그래밍,,,,,,,,,,전선,,주,3 ,3 ,,화,5 ,참B101,목,6 ,참B101,,,,
1230 ,인공지능융합대학,소프트웨어학부,공통,,I030-2-7777-02,객체지향프로그래밍,,,,,,,,,,전선,,주,3 ,3 ,,화,6 ,새빛204,목,5 ,새빛204,,,,
1231 ,인공지능융합대학,소프트웨어학부,공통,,I030-2-8487-01,오픈소스소프트웨어개발,,,,,,,,,,전선,,주,3 ,3 ,송원선,화,3 ,새빛204,목,4 ,새빛204,,,,
1232 ,인공지능융합대학,소프트웨어학부,공통,,I030-3-1196-01,인공지능,,,,,,,,,,전선,,주,3 ,3 ,박병준,월,1 ,새빛204,수,2 ,새빛204,,,,
1233 ,인공지능융합대학,소프트웨어학부,공통,,I030-3-1196-02,인공지능,,,,,,,,,,전선,,주,3 ,3 ,박병준,월,2 ,새빛204,수,1 ,새빛204,,,,
1234 ,인공지능융합대학,소프트웨어학부,공통,,I030-3-1655-01,컴퓨터네트워크,,,,,,,,,,전선,,주,3 ,3 ,최웅철,월,5 ,참B101,수,6 ,참B101,,,,
1235 ,인공지능융합대학,소프트웨어학부,공통,,I030-3-1765-01,프로그래밍언어론,,,,,,,,,,전선,,주,3 ,3 ,최영근,월,"1,2",참B101,,,,,,,
1236 ,인공지능융합대학,소프트웨어학부,공통,,I030-3-3682-01,심화전공실습,,,,,,,,,,전선,,주,3 ,4 ,송원선,화,"0,1,2",새빛301,,,,,,,
1237 ,인공지능융합대학,소프트웨어학부,공통,,I030-3-3682-02,심화전공실습,,,,,,,,,,전선,,주,3 ,4 ,송원선,목,"0,1,2",새빛301,,,,,,,
1238 ,인공지능융합대학,소프트웨어학부,공통,,I030-3-3951-01,컴퓨터그래픽스,,,,,,,영어,50 ,,전선,,주,3 ,3 ,최민규,화,1 ,새빛204,목,2 ,새빛204,,,,
1239 ,인공지능융합대학,소프트웨어학부,공통,,I030-3-5694-01,경력개발과취업전략,,,,,,,,0 ,,전선,,주,2 ,2 ,문승현,화,"6,7",참B106,,,,,,,
1240 ,인공지능융합대학,소프트웨어학부,공통,,I030-3-8999-01,빅데이터처리및응용,,,Y,,,,영어,50 ,,전선,,주,3 ,3 ,문승현,목,4 ,참B101,,,,,,,
1241 ,인공지능융합대학,소프트웨어학부,공통,,I030-4-3113-01,혼합현실,,,,,,,,0 ,,전선,,주,3 ,3 ,이강훈,월,6 ,새빛204,수,5 ,새빛204,,,,
1242 ,인공지능융합대학,소프트웨어학부,공통,,I030-4-8996-01,산학협력캡스톤설계2,,,,,,,,0 ,,전선,,주,3 ,3 ,이동호,금,"3,4",새빛204,,,,,,,
1243 ,인공지능융합대학,정보융합학부,공통,,I040-1-3687-01,그래픽디자인,,,,,,,,,"C7,C8",전선,,주,3 ,3 ,김미화,금,"3,4",새빛104,,,,,,,
1244 ,인공지능융합대학,정보융합학부,공통,,I040-1-4501-01,빅데이터프로그래밍,,,,,,,,0 ,"C7,C8",전선,,주,3 ,3 ,박영재,월,5 ,참105,수,6 ,참105,,,,
1245 ,인공지능융합대학,정보융합학부,공통,,I040-1-4501-02,빅데이터프로그래밍,,,,,,,,0 ,"C7,C8",전선,,주,3 ,3 ,박영재,월,6 ,참105,수,5 ,참105,,,,
1246 ,인공지능융합대학,정보융합학부,공통,,I040-2-0818-01,선형대수,,,,,,,영어,50 ,,전선,,주,3 ,3 ,김수환,화,3 ,새빛102,목,4 ,새빛102,,,,
1247 ,인공지능융합대학,정보융합학부,공통,,I040-2-1243-01,자료구조,,Y,,,,,,0 ,,전선,,주,3 ,3 ,박재성,토,65 ,,,,,,,,
1248 ,인공지능융합대학,정보융합학부,공통,,I040-2-3689-01,인터랙티브심리학,,Y,,Y,,,,,,전선,,주,3 ,3 ,김현경,토,75 ,,,,,,,,
1249 ,인공지능융합대학,정보융합학부,공통,,I040-2-6387-01,모바일프로그래밍,,,,,,,,0 ,,전선,,주,3 ,3 ,김준석,화,1 ,새빛103,목,2 ,새빛103,,,,
1250 ,인공지능융합대학,정보융합학부,공통,,I040-2-6387-02,모바일프로그래밍,,,,,,,,0 ,,전선,,주,3 ,3 ,김준석,화,2 ,새빛103,목,1 ,새빛103,,,,
1251 ,인공지능융합대학,정보융합학부,공통,,I040-2-9324-01,데이터마이닝,,Y,,Y,,,,0 ,,전선,,주,3 ,3 ,이상민,토,18 ,,,,,,,,
1252 ,인공지능융합대학,정보융합학부,공통,,I040-2-9637-01,비주얼컴퓨팅,,,,,,,,,,전선,,주,3 ,3 ,김동준,화,4 ,참105,목,3 ,참105,,,,
1253 ,인공지능융합대학,정보융합학부,공통,,I040-3-4434-01,딥러닝프로그래밍,,,,,,,,0 ,,전선,,주,3 ,3 ,김준석,화,5 ,참105,목,6 ,참105,,,,
1254 ,인공지능융합대학,정보융합학부,공통,,I040-3-6413-01,확장현실,,,,,,,,,,전선,,주,3 ,3 ,김동준,화,3 ,새빛103,목,4 ,새빛103,,,,
1255 ,인공지능융합대학,정보융합학부,공통,,I040-3-6416-01,Physical AI 실습,,,,,,,영어,50 ,,전선,,주,3 ,4 ,박재성,월,"5,6,7",새빛103,,,,,,,
1256 ,인공지능융합대학,정보융합학부,공통,,I040-3-6416-02,Physical AI 실습,,,,,,,,0 ,,전선,,주,3 ,4 ,박재성,수,"5,6,7",새빛103,,,,,,,
1257 ,인공지능융합대학,정보융합학부,공통,,I040-3-7740-01,HCI와UX평가,,,,,,,,,,전선,,주,3 ,3 ,김현경,월,2 ,새빛205,수,1 ,새빛205,,,,
1258 ,인공지능융합대학,정보융합학부,공통,,I040-4-3107-01,인공지능응용,,,,,,,,0 ,,전선,,주,3 ,3 ,이상민,월,4 ,참105,수,3 ,참105,,,,
1259 ,인공지능융합대학,정보융합학부,공통,,I040-4-5694-01,경력개발과취업전략,,,,,,,,0 ,,전선,,주,2 ,2 ,조민수,월,"6,7",새빛205,,,,,,,
1260 ,인공지능융합대학,정보융합학부,공통,,I040-4-8996-01,산학협력캡스톤설계2,,,,,,,,,,전선,,주,3 ,3 ,조재희,수,"5,6",새빛205,,,,,,,
1261 ,인공지능융합대학,로봇학부,공통,,I050-2-0969-01,알고리즘,,,,,,,,,,전선,,주,3 ,3 ,박광현,월,4 ,새빛202,수,3 ,새빛202,,,,
1262 ,인공지능융합대학,로봇학부,공통,,I050-2-1647-01,컴퓨터구조,,,,,,,,0 ,,전선,,주,3 ,3 ,박일우,화,4 ,새빛102,목,3 ,새빛102,,,,
1263 ,인공지능융합대학,로봇학부,공통,,I050-2-1996-01,회로이론2,,,,,,,,0 ,,전선,,주,3 ,3 ,조영진,화,1 ,새빛202,목,2 ,새빛202,,,,
1264 ,인공지능융합대학,로봇학부,공통,,I050-2-1996-02,회로이론2,,,,,,,,0 ,,전선,,주,3 ,3 ,조영진,화,2 ,새빛202,목,1 ,새빛202,,,,
1265 ,인공지능융합대학,로봇학부,공통,,I050-2-2004-01,신호및시스템,,,,,,,,,,전선,,주,3 ,3 ,이예솝,월,3 ,참B101,수,4 ,참B101,,,,
1266 ,인공지능융합대학,로봇학부,공통,,I050-2-4041-01,메카니즘해석,,Y,,,,,,0 ,,전선,,주,3 ,3 ,조황,금,"5,6",,,,,,,,
1267 ,인공지능융합대학,로봇학부,공통,,I050-2-5695-01,AI로봇실험2,,,,,,,,0 ,,전필,,주,3 ,4 ,박일우,목,"5,6,7",누324,,,,,,,
1268 ,인공지능융합대학,로봇학부,공통,,I050-2-5695-02,AI로봇실험2,,,,,,,,,,전필,,주,3 ,4 ,이예솝,금,"5,6,7",누324,,,,,,,
1269 ,인공지능융합대학,로봇학부,공통,,I050-2-5695-03,AI로봇실험2,,,,,,,,,,전필,,주,3 ,4 ,정문호,화,"0,1,2",누324,,,,,,,
1270 ,인공지능융합대학,로봇학부,공통,,I050-2-6246-01,로봇학실험2,,,,,,,,,,전필,,주,3 ,4 ,박광현,화,"5,6,7",누324,,,,,,,
1271 ,인공지능융합대학,로봇학부,공통,,I050-2-6246-02,로봇학실험2,,,,,,,,,,전필,,주,3 ,4 ,백주훈,수,"0,1,2",누324,,,,,,,
1272 ,인공지능융합대학,로봇학부,공통,,I050-3-1237-01,자동제어2,,,,,,,,,,전선,,주,3 ,3 ,백주훈,화,5 ,새빛202,목,6 ,새빛202,,,,
1273 ,인공지능융합대학,로봇학부,공통,,I050-3-4179-01,임베디드시스템,,,,,,,,0 ,,전선,,야,3 ,3 ,서한석,목,"7,8,9",비513,,,,,,,
1274 ,인공지능융합대학,로봇학부,공통,,I050-3-5474-01,컴퓨터비전,,,,,,,,,,전선,,주,3 ,3 ,정문호,월,3 ,새빛202,수,4 ,새빛202,,,,
1275 ,인공지능융합대학,로봇학부,공통,,I050-3-5694-01,경력개발과취업전략,,,,,,,,,,전선,,주,2 ,2 ,백주훈,화,"6,7",새빛202,,,,,,,
1276 ,인공지능융합대학,로봇학부,공통,,I050-3-6337-01,AI로봇실험4,,,,,,,,,,전필,,주,3 ,4 ,박수한,월,"0,1,2",누324,,,,,,,
1277 ,인공지능융합대학,로봇학부,공통,,I050-3-6340-01,로봇게임세미나26-2,,,,,,,,,,전선,,야,3 ,3 ,박수한,월,"8,9,10",새빛202,,,,,,,
1278 ,인공지능융합대학,로봇학부,공통,,I050-3-6539-01,로봇학실험4,,,,,,,,0 ,,전필,,주,3 ,4 ,최용훈,월,"5,6,7",누324,,,,,,,
1279 ,인공지능융합대학,로봇학부,공통,,I050-3-6539-02,로봇학실험4,,,,,,,,0 ,,전필,,주,3 ,4 ,양우성,금,"0,1,2",누324,,,,,,,
1280 ,인공지능융합대학,로봇학부,공통,,I050-3-6568-01,모터제어,,,,,,,,0 ,,전선,,주,3 ,3 ,박일우,화,3 ,새빛202,목,4 ,새빛202,,,,
1281 ,인공지능융합대학,로봇학부,공통,,I050-3-8089-01,로봇제어,,,,,,,,0 ,,전선,,주,3 ,3 ,양우성,화,4 ,새빛202,목,3 ,새빛202,,,,
1282 ,인공지능융합대학,로봇학부,공통,,I050-4-3677-01,강화학습,,,,,,,,,,전선,,주,3 ,3 ,박수한,월,6 ,새빛202,수,5 ,새빛202,,,,
1283 ,인공지능융합대학,로봇학부,공통,,I050-4-5947-01,온디바이스인공지능,,,,,,,,,,전선,,주,3 ,3 ,이예솝,금,"3,4",새빛202,,,,,,,
1284 ,인공지능융합대학,로봇학부,공통,,I050-4-6906-01,로봇내비게이션,,,,,,,,,,전선,,주,3 ,3 ,,월,4 ,참B101,수,3 ,참B101,,,,
1285 ,인공지능융합대학,지능형로봇학과,공통,,I060-1-4278-01,지능형로봇의이해,,Y,,,,,,0 ,,전선,,주,2 ,2 ,최용훈,금,"5,6",비504,,,,,,,
1286 ,인공지능융합대학,지능형로봇학과,공통,,I060-1-4287-01,로봇명사와의만남,,Y,,,,,,,,전선,,주,2 ,2 ,정문호,금,"1,2",비504,,,,,,,
1287 ,인공지능융합대학,지능형로봇학과,공통,,I060-1-4288-01,기초로봇수학,,,,,,,,,,전선,,주,3 ,3 ,최주엽,월,1 ,비211,수,2 ,비211,,,,
1288 ,인공지능융합대학,지능형로봇학과,공통,,I060-2-4485-01,모바일로봇의이해,,,,,,,,,,전선,,주,3 ,3 ,박규동,수,"5,6",새빛B101,,,,,,,
1289 ,인공지능융합대학,지능형로봇학과,공통,,I060-2-9158-01,데이터사이언스개론,,,,,,,영어,100 ,,전선,,주,3 ,3 ,박영재,화,5 ,새빛205,목,6 ,새빛205,,,,
1290 ,인공지능융합대학,지능형로봇학과,공통,,I060-3-4024-01,AI프로그래밍,,,,,,,,0 ,,전선,,주,3 ,3 ,최용훈,월,4 ,새빛104,수,3 ,새빛104,,,,
1291 ,인공지능융합대학,지능형로봇학과,공통,,I060-3-5698-01,로봇요소설계,,,,,,,,,,전선,,주,3 ,3 ,,화,1 ,새빛205,목,2 ,새빛205,,,,
1292 ,인공지능융합대학,지능형로봇학과,공통,,I060-3-6110-01,기술과경영,,,,,,,,,,전선,,주,3 ,3 ,한상휘,금,"3,4",새빛205,,,,,,,
1293 ,인공지능융합대학,지능형로봇학과,공통,,I060-3-6114-01,머신러닝의이해,,,,,,,,0 ,,전선,,주,3 ,3 ,이기백,월,6 ,비211,수,5 ,비211,,,,
1294 ,인공지능융합대학,지능형로봇학과,공통,,I060-4-4135-01,지능형드론제어,,,,,,,,,,전선,,주,3 ,3 ,황용원,목,"3,4",새빛B101,,,,,,,
1295 ,인공지능융합대학,지능형로봇학과,공통,,I060-4-4486-01,협동로봇실습,,,,,,,,,,전선,,주,3 ,4 ,김율희,화,"5,6,7",새빛B101,,,,,,,
1296 ,인공지능융합대학,지능형로봇학과,공통,,I060-4-4487-01,로봇기업경영,,,,,,,,,,전선,,주,3 ,3 ,김율희,금,"5,6",새빛B101,,,,,,,
1297 ,인공지능융합대학,지능형로봇학과,공통,,I060-4-4749-01,고급로봇설계,,,,,,,,,,전선,,주,3 ,3 ,,목,"5,6",새빛104,,,,,,,
1298 ,참빛인재대학,공통,공통,,J000-1-5773-01,문화콘텐츠학개론,,Y,,Y,Y,,,0 ,"V1,V2,V3,V4",전선,,주,3 ,3 ,이현구,토,68 ,,,,,,,,
1299 ,참빛인재대학,금융부동산법무학과,공통,,J020-1-0618-01,민법총칙,,,,,Y,,,,V1,전필,,주,3 ,3 ,배덕현,토,"1,2",연405,,,,,,,
1300 ,참빛인재대학,금융부동산법무학과,공통,,J020-1-6425-01,부동산의이해,,,Y,,Y,,,,V1,전선,,야,3 ,3 ,배덕현,수,"8,9,10",한울408,,,,,,,
1301 ,참빛인재대학,금융부동산법무학과,공통,,J020-1-6426-01,AI윤리와교육,,,,,Y,,,,V1,전선,,주,3 ,3 ,김성길,토,"3,4",연405,,,,,,,
1302 ,참빛인재대학,금융부동산법무학과,공통,,J020-2-0398-01,담보물권법,,,Y,,Y,,,0 ,,전선,,야,3 ,3 ,배덕현,목,"8,9,10",한울407,,,,,,,
1303 ,참빛인재대학,금융부동산법무학과,공통,,J020-2-5002-01,계약법실무,,,,,Y,,,,,전선,,주,3 ,3 ,신주희,토,"1,2",한울407,,,,,,,
1304 ,참빛인재대학,금융부동산법무학과,공통,,J020-2-5772-01,노동법실무,,,Y,,Y,,,,,전선,,야,3 ,3 ,이준희,수,"8,9,10",한울407,,,,,,,
1305 ,참빛인재대학,금융부동산법무학과,공통,,J020-2-8544-01,부동산공법,,,,,Y,,,,,전선,,주,3 ,3 ,김태범,토,"3,4",한울407,,,,,,,
1306 ,참빛인재대학,금융부동산법무학과,공통,,J020-3-3266-01,자본시장법,,,,,Y,,,,,전선,,야,3 ,3 ,이정민,수,"8,9,10",한울405,,,,,,,
1307 ,참빛인재대학,금융부동산법무학과,공통,,J020-3-6181-01,금융법,,,,,Y,,,,,전선,,주,3 ,3 ,이경미,토,"3,4",한울408,,,,,,,
1308 ,참빛인재대학,금융부동산법무학과,공통,,J020-3-6428-01,감정평가법규와실무,,,,,Y,,,,,전선,,주,3 ,3 ,김태범,토,"1,2",한울408,,,,,,,
1309 ,참빛인재대학,금융부동산법무학과,공통,,J020-3-6429-01,상속과증여,,,,,Y,,,,,전선,,야,3 ,3 ,신주희,목,"8,9,10",한울409,,,,,,,
1310 ,참빛인재대학,게임콘텐츠학과,공통,,J030-1-5771-01,게임보안개론,,,,,Y,,,0 ,V2,전선,,주,3 ,3 ,이철,토,"3,4",새빛205,,,,,,,
1311 ,참빛인재대학,게임콘텐츠학과,공통,,J030-1-7714-01,콘텐츠기획개론,,,,,Y,,,0 ,V2,전필,,야,3 ,3 ,이은정,수,"8,9,10",연B222-1,,,,,,,
1312 ,참빛인재대학,게임콘텐츠학과,공통,,J030-2-5767-01,게임엔진기초,,,,,Y,,,0 ,,전필,,야,3 ,4 ,조수영,화,"8,9,10,11",한울104,,,,,,,
1313 ,참빛인재대학,게임콘텐츠학과,공통,,J030-2-5768-01,게임소재학,,,,,Y,,,0 ,,전선,,주,3 ,3 ,정미아,토,"5,6",연405,,,,,,,
1314 ,참빛인재대학,게임콘텐츠학과,공통,,J030-2-5769-01,게임UX/UI개론,,,,,Y,,,0 ,,전선,,주,3 ,3 ,이은정,토,"1,2",연B222-1,,,,,,,
1315 ,참빛인재대학,게임콘텐츠학과,공통,,J030-3-6434-01,게임레벨디자인,,Y,,Y,Y,,,0 ,,전선,,주,3 ,3 ,이은정,토,66 ,,,,,,,,
1316 ,참빛인재대학,게임콘텐츠학과,공통,,J030-3-6435-01,게임개발S/W 2,,,,,Y,,,0 ,,전선,,주,3 ,4 ,조수영,토,"0,1,2",한울104,,,,,,,
1317 ,참빛인재대학,게임콘텐츠학과,공통,,J030-3-6436-01,게임기획과디자인,,,,,Y,,,0 ,,전선,,주,3 ,3 ,정미아,토,"3,4",연B222-1,,,,,,,
1318 ,참빛인재대학,게임콘텐츠학과,공통,,J030-3-6437-01,게임사운드디자인,,,,,Y,,,0 ,,전선,,야,3 ,3 ,이승원,수,"8,9,10",연202,,,,,,,
1319 ,참빛인재대학,게임콘텐츠학과,공통,,J030-3-6439-01,게임그래픽스,,,,,Y,,,,,전선,,주,3 ,3 ,홍성찬,토,"5,6",연B222-1,,,,,,,
1320 ,참빛인재대학,스마트전기전자학과,공통,,J040-1-0200-01,공업수학,,Y,,Y,Y,,,0 ,V3,전선,,주,3 ,3 ,황이환,토,69 ,,,,,,,,
1321 ,참빛인재대학,스마트전기전자학과,공통,,J040-1-0444-01,디지털공학,,,,,Y,,,0 ,V3,전필,,주,3 ,3 ,손광철,수,"9,10,11",새빛204,,,,,,,
1322 ,참빛인재대학,스마트전기전자학과,공통,,J040-2-0575-01,물리전자2,,,,,Y,,,0 ,,전선,,주,3 ,3 ,손광철,토,"1,2",새빛204,,,,,,,
1323 ,참빛인재대학,스마트전기전자학과,공통,,J040-2-1412-01,전자기학2,,,,,Y,,,0 ,,전선,,주,3 ,3 ,구제환,토,"3,4",새빛204,,,,,,,
1324 ,참빛인재대학,스마트전기전자학과,공통,,J040-2-1762-01,프로그래밍언어,,Y,,Y,Y,,,,,전선,,주,3 ,3 ,손채봉,토,73 ,,,,,,,,
1325 ,참빛인재대학,스마트전기전자학과,공통,,J040-2-1996-01,회로이론2,,,,,Y,,,0 ,,전선,,주,3 ,3 ,이철,토,"5,6",새빛204,,,,,,,
1326 ,참빛인재대학,스마트전기전자학과,공통,,J040-2-5757-01,기초전기전자실험2,,,,,Y,,,0 ,,전필,,야,3 ,4 ,이철,수,"8,9,10,11",연601,,,,,,,
1327 ,참빛인재대학,스마트전기전자학과,공통,,J040-3-0922-01,시스템프로그래밍,,Y,,Y,Y,,,,,전선,,주,3 ,3 ,손채봉,토,72 ,,,,,,,,
1328 ,참빛인재대학,스마트전기전자학과,공통,,J040-3-1464-01,전자회로2,,,,,Y,,,,,전선,,주,3 ,3 ,신현종,토,"3,4",새빛202,,,,,,,
1329 ,참빛인재대학,스마트전기전자학과,공통,,J040-3-1654-01,컴퓨터네트워크,,,,,Y,,,0 ,,전선,,주,3 ,3 ,변정수,토,"5,6",새빛202,,,,,,,
1330 ,참빛인재대학,스마트전기전자학과,공통,,J040-3-3387-01,영상신호처리,,,,,Y,,,0 ,,전선,,주,3 ,3 ,황이환,토,"1,2",새빛202,,,,,,,
1331 ,참빛인재대학,스마트전기전자학과,공통,,J040-3-6442-01,응용전기전자실험2,,,,,Y,,,0 ,,전필,,야,3 ,4 ,이철,목,"8,9,10,11",연601,,,,,,,
1332 ,참빛인재대학,스포츠상담재활학과,공통,,J050-1-3670-01,스포츠피싱,,,,,Y,,,0 ,V4,전선,,주,3 ,3 ,박석,토,"3,4",연B217,,,,,,,
1333 ,참빛인재대학,스포츠상담재활학과,공통,,J050-1-5003-01,건강교육,,,,,Y,,,0 ,V4,전선,,주,3 ,3 ,주성택,토,"1,2",연B217,,,,,,,
1334 ,참빛인재대학,스포츠상담재활학과,공통,,J050-2-2346-01,운동생리학,,,,,Y,,,,,전선,,주,3 ,3 ,한태규,토,"1,2",연B210,,,,,,,
1335 ,참빛인재대학,스포츠상담재활학과,공통,,J050-2-5751-01,운동손상및재활,,,,,Y,,,0 ,,전선,,주,3 ,3 ,노기웅,토,"3,4",연B222-2,,,,,,,
1336 ,참빛인재대학,스포츠상담재활학과,공통,,J050-2-5752-01,운동영양학,,,,,Y,,,,,전선,,야,3 ,3 ,박석,토,"7,8,9",연B217,,,,,,,
1337 ,참빛인재대학,스포츠상담재활학과,공통,,J050-2-5753-01,스포츠심리기술훈련,,,,,Y,,,0 ,,전선,,야,3 ,3 ,한지영,수,"8,9,10",연B210,,,,,,,
1338 ,참빛인재대학,스포츠상담재활학과,공통,,J050-2-5754-01,특수체육개론,,Y,,,Y,,,,,전선,,주,3 ,3 ,양윤정,토,55 ,,,,,,,,
1339 ,참빛인재대학,스포츠상담재활학과,공통,,J050-3-6447-01,코칭론,,,,,Y,,,0 ,,전선,,주,3 ,3 ,이동률,토,"5,6",연B210,,,,,,,
1340 ,참빛인재대학,스포츠상담재활학과,공통,,J050-3-6449-01,스포츠마사지및테이핑,,,,,Y,,,0 ,,전선,,주,3 ,3 ,이혁,토,"1,2",연B222-2,,,,,,,
1341 ,참빛인재대학,스포츠상담재활학과,공통,,J050-3-6450-01,병리학,,,,,Y,,,,,전선,,주,3 ,3 ,한태규,토,"3,4",연B210,,,,,,,
1342 ,참빛인재대학,스포츠상담재활학과,공통,,J050-3-6452-01,운동조절및동작발달,,,,,Y,,,0 ,,전선,,야,3 ,3 ,유현미,수,"8,9,10",연B217,,,,,,,